image,label
/picture/data/image/807.jpg,/picture/data/label/807.png
/picture/data/image/292.jpg,/picture/data/label/292.png
/picture/data/image/806.jpg,/picture/data/label/806.png
/picture/data/image/607.jpg,/picture/data/label/607.png
/picture/data/image/507.jpg,/picture/data/label/507.png
/picture/data/image/835.jpg,/picture/data/label/835.png
/picture/data/image/1528.jpg,/picture/data/label/1528.png
/picture/data/image/1502.jpg,/picture/data/label/1502.png
/picture/data/image/217.jpg,/picture/data/label/217.png
/picture/data/image/820.jpg,/picture/data/label/820.png
/picture/data/image/1315.jpg,/picture/data/label/1315.png
/picture/data/image/905.jpg,/picture/data/label/905.png
/picture/data/image/945.jpg,/picture/data/label/945.png
/picture/data/image/451.jpg,/picture/data/label/451.png
/picture/data/image/277.jpg,/picture/data/label/277.png
/picture/data/image/1181.jpg,/picture/data/label/1181.png
/picture/data/image/237.jpg,/picture/data/label/237.png
/picture/data/image/144.jpg,/picture/data/label/144.png
/picture/data/image/1151.jpg,/picture/data/label/1151.png
/picture/data/image/491.jpg,/picture/data/label/491.png
/picture/data/image/356.jpg,/picture/data/label/356.png
/picture/data/image/473.jpg,/picture/data/label/473.png
/picture/data/image/539.jpg,/picture/data/label/539.png
/picture/data/image/444.jpg,/picture/data/label/444.png
/picture/data/image/1150.jpg,/picture/data/label/1150.png
/picture/data/image/1208.jpg,/picture/data/label/1208.png
/picture/data/image/732.jpg,/picture/data/label/732.png
/picture/data/image/1115.jpg,/picture/data/label/1115.png
/picture/data/image/531.jpg,/picture/data/label/531.png
/picture/data/image/381.jpg,/picture/data/label/381.png
/picture/data/image/862.jpg,/picture/data/label/862.png
/picture/data/image/1141.jpg,/picture/data/label/1141.png
/picture/data/image/1494.jpg,/picture/data/label/1494.png
/picture/data/image/10.jpg,/picture/data/label/10.png
/picture/data/image/875.jpg,/picture/data/label/875.png
/picture/data/image/429.jpg,/picture/data/label/429.png
/picture/data/image/101.jpg,/picture/data/label/101.png
/picture/data/image/606.jpg,/picture/data/label/606.png
/picture/data/image/1138.jpg,/picture/data/label/1138.png
/picture/data/image/1299.jpg,/picture/data/label/1299.png
/picture/data/image/721.jpg,/picture/data/label/721.png
/picture/data/image/1547.jpg,/picture/data/label/1547.png
/picture/data/image/1123.jpg,/picture/data/label/1123.png
/picture/data/image/228.jpg,/picture/data/label/228.png
/picture/data/image/547.jpg,/picture/data/label/547.png
/picture/data/image/1512.jpg,/picture/data/label/1512.png
/picture/data/image/1118.jpg,/picture/data/label/1118.png
/picture/data/image/1019.jpg,/picture/data/label/1019.png
/picture/data/image/625.jpg,/picture/data/label/625.png
/picture/data/image/1597.jpg,/picture/data/label/1597.png
/picture/data/image/146.jpg,/picture/data/label/146.png
/picture/data/image/991.jpg,/picture/data/label/991.png
/picture/data/image/1458.jpg,/picture/data/label/1458.png
/picture/data/image/975.jpg,/picture/data/label/975.png
/picture/data/image/1543.jpg,/picture/data/label/1543.png
/picture/data/image/1009.jpg,/picture/data/label/1009.png
/picture/data/image/1513.jpg,/picture/data/label/1513.png
/picture/data/image/601.jpg,/picture/data/label/601.png
/picture/data/image/1406.jpg,/picture/data/label/1406.png
/picture/data/image/449.jpg,/picture/data/label/449.png
/picture/data/image/141.jpg,/picture/data/label/141.png
/picture/data/image/769.jpg,/picture/data/label/769.png
/picture/data/image/1466.jpg,/picture/data/label/1466.png
/picture/data/image/1240.jpg,/picture/data/label/1240.png
/picture/data/image/1411.jpg,/picture/data/label/1411.png
/picture/data/image/623.jpg,/picture/data/label/623.png
/picture/data/image/1402.jpg,/picture/data/label/1402.png
/picture/data/image/977.jpg,/picture/data/label/977.png
/picture/data/image/1067.jpg,/picture/data/label/1067.png
/picture/data/image/227.jpg,/picture/data/label/227.png
/picture/data/image/135.jpg,/picture/data/label/135.png
/picture/data/image/1582.jpg,/picture/data/label/1582.png
/picture/data/image/1405.jpg,/picture/data/label/1405.png
/picture/data/image/1197.jpg,/picture/data/label/1197.png
/picture/data/image/1363.jpg,/picture/data/label/1363.png
/picture/data/image/416.jpg,/picture/data/label/416.png
/picture/data/image/323.jpg,/picture/data/label/323.png
/picture/data/image/34.jpg,/picture/data/label/34.png
/picture/data/image/465.jpg,/picture/data/label/465.png
/picture/data/image/210.jpg,/picture/data/label/210.png
/picture/data/image/849.jpg,/picture/data/label/849.png
/picture/data/image/406.jpg,/picture/data/label/406.png
/picture/data/image/906.jpg,/picture/data/label/906.png
/picture/data/image/1220.jpg,/picture/data/label/1220.png
/picture/data/image/1571.jpg,/picture/data/label/1571.png
/picture/data/image/920.jpg,/picture/data/label/920.png
/picture/data/image/894.jpg,/picture/data/label/894.png
/picture/data/image/608.jpg,/picture/data/label/608.png
/picture/data/image/1018.jpg,/picture/data/label/1018.png
/picture/data/image/36.jpg,/picture/data/label/36.png
/picture/data/image/856.jpg,/picture/data/label/856.png
/picture/data/image/712.jpg,/picture/data/label/712.png
/picture/data/image/1295.jpg,/picture/data/label/1295.png
/picture/data/image/1398.jpg,/picture/data/label/1398.png
/picture/data/image/322.jpg,/picture/data/label/322.png
/picture/data/image/669.jpg,/picture/data/label/669.png
/picture/data/image/556.jpg,/picture/data/label/556.png
/picture/data/image/1058.jpg,/picture/data/label/1058.png
/picture/data/image/1308.jpg,/picture/data/label/1308.png
/picture/data/image/365.jpg,/picture/data/label/365.png
/picture/data/image/1443.jpg,/picture/data/label/1443.png
/picture/data/image/1410.jpg,/picture/data/label/1410.png
/picture/data/image/1065.jpg,/picture/data/label/1065.png
/picture/data/image/1161.jpg,/picture/data/label/1161.png
/picture/data/image/651.jpg,/picture/data/label/651.png
/picture/data/image/674.jpg,/picture/data/label/674.png
/picture/data/image/899.jpg,/picture/data/label/899.png
/picture/data/image/530.jpg,/picture/data/label/530.png
/picture/data/image/119.jpg,/picture/data/label/119.png
/picture/data/image/715.jpg,/picture/data/label/715.png
/picture/data/image/230.jpg,/picture/data/label/230.png
/picture/data/image/1519.jpg,/picture/data/label/1519.png
/picture/data/image/167.jpg,/picture/data/label/167.png
/picture/data/image/808.jpg,/picture/data/label/808.png
/picture/data/image/1521.jpg,/picture/data/label/1521.png
/picture/data/image/976.jpg,/picture/data/label/976.png
/picture/data/image/1237.jpg,/picture/data/label/1237.png
/picture/data/image/394.jpg,/picture/data/label/394.png
/picture/data/image/1510.jpg,/picture/data/label/1510.png
/picture/data/image/662.jpg,/picture/data/label/662.png
/picture/data/image/313.jpg,/picture/data/label/313.png
/picture/data/image/689.jpg,/picture/data/label/689.png
/picture/data/image/496.jpg,/picture/data/label/496.png
/picture/data/image/1581.jpg,/picture/data/label/1581.png
/picture/data/image/173.jpg,/picture/data/label/173.png
/picture/data/image/438.jpg,/picture/data/label/438.png
/picture/data/image/741.jpg,/picture/data/label/741.png
/picture/data/image/69.jpg,/picture/data/label/69.png
/picture/data/image/20.jpg,/picture/data/label/20.png
/picture/data/image/1170.jpg,/picture/data/label/1170.png
/picture/data/image/646.jpg,/picture/data/label/646.png
/picture/data/image/1283.jpg,/picture/data/label/1283.png
/picture/data/image/345.jpg,/picture/data/label/345.png
/picture/data/image/1485.jpg,/picture/data/label/1485.png
/picture/data/image/1227.jpg,/picture/data/label/1227.png
/picture/data/image/912.jpg,/picture/data/label/912.png
/picture/data/image/681.jpg,/picture/data/label/681.png
/picture/data/image/1460.jpg,/picture/data/label/1460.png
/picture/data/image/1309.jpg,/picture/data/label/1309.png
/picture/data/image/305.jpg,/picture/data/label/305.png
/picture/data/image/395.jpg,/picture/data/label/395.png
/picture/data/image/765.jpg,/picture/data/label/765.png
/picture/data/image/1325.jpg,/picture/data/label/1325.png
/picture/data/image/484.jpg,/picture/data/label/484.png
/picture/data/image/1463.jpg,/picture/data/label/1463.png
/picture/data/image/1167.jpg,/picture/data/label/1167.png
/picture/data/image/1548.jpg,/picture/data/label/1548.png
/picture/data/image/966.jpg,/picture/data/label/966.png
/picture/data/image/314.jpg,/picture/data/label/314.png
/picture/data/image/563.jpg,/picture/data/label/563.png
/picture/data/image/814.jpg,/picture/data/label/814.png
/picture/data/image/1072.jpg,/picture/data/label/1072.png
/picture/data/image/1188.jpg,/picture/data/label/1188.png
/picture/data/image/84.jpg,/picture/data/label/84.png
/picture/data/image/197.jpg,/picture/data/label/197.png
/picture/data/image/488.jpg,/picture/data/label/488.png
/picture/data/image/1006.jpg,/picture/data/label/1006.png
/picture/data/image/191.jpg,/picture/data/label/191.png
/picture/data/image/1129.jpg,/picture/data/label/1129.png
/picture/data/image/247.jpg,/picture/data/label/247.png
/picture/data/image/928.jpg,/picture/data/label/928.png
/picture/data/image/363.jpg,/picture/data/label/363.png
/picture/data/image/870.jpg,/picture/data/label/870.png
/picture/data/image/257.jpg,/picture/data/label/257.png
/picture/data/image/775.jpg,/picture/data/label/775.png
/picture/data/image/737.jpg,/picture/data/label/737.png
/picture/data/image/1531.jpg,/picture/data/label/1531.png
/picture/data/image/450.jpg,/picture/data/label/450.png
/picture/data/image/1001.jpg,/picture/data/label/1001.png
/picture/data/image/493.jpg,/picture/data/label/493.png
/picture/data/image/965.jpg,/picture/data/label/965.png
/picture/data/image/30.jpg,/picture/data/label/30.png
/picture/data/image/225.jpg,/picture/data/label/225.png
/picture/data/image/44.jpg,/picture/data/label/44.png
/picture/data/image/1477.jpg,/picture/data/label/1477.png
/picture/data/image/1136.jpg,/picture/data/label/1136.png
/picture/data/image/526.jpg,/picture/data/label/526.png
/picture/data/image/362.jpg,/picture/data/label/362.png
/picture/data/image/1277.jpg,/picture/data/label/1277.png
/picture/data/image/66.jpg,/picture/data/label/66.png
/picture/data/image/804.jpg,/picture/data/label/804.png
/picture/data/image/468.jpg,/picture/data/label/468.png
/picture/data/image/1092.jpg,/picture/data/label/1092.png
/picture/data/image/1097.jpg,/picture/data/label/1097.png
/picture/data/image/1376.jpg,/picture/data/label/1376.png
/picture/data/image/621.jpg,/picture/data/label/621.png
/picture/data/image/1498.jpg,/picture/data/label/1498.png
/picture/data/image/1428.jpg,/picture/data/label/1428.png
/picture/data/image/389.jpg,/picture/data/label/389.png
/picture/data/image/568.jpg,/picture/data/label/568.png
/picture/data/image/351.jpg,/picture/data/label/351.png
/picture/data/image/215.jpg,/picture/data/label/215.png
/picture/data/image/278.jpg,/picture/data/label/278.png
/picture/data/image/151.jpg,/picture/data/label/151.png
/picture/data/image/195.jpg,/picture/data/label/195.png
/picture/data/image/168.jpg,/picture/data/label/168.png
/picture/data/image/1595.jpg,/picture/data/label/1595.png
/picture/data/image/1250.jpg,/picture/data/label/1250.png
/picture/data/image/332.jpg,/picture/data/label/332.png
/picture/data/image/948.jpg,/picture/data/label/948.png
/picture/data/image/299.jpg,/picture/data/label/299.png
/picture/data/image/1418.jpg,/picture/data/label/1418.png
/picture/data/image/864.jpg,/picture/data/label/864.png
/picture/data/image/50.jpg,/picture/data/label/50.png
/picture/data/image/354.jpg,/picture/data/label/354.png
/picture/data/image/1200.jpg,/picture/data/label/1200.png
/picture/data/image/396.jpg,/picture/data/label/396.png
/picture/data/image/188.jpg,/picture/data/label/188.png
/picture/data/image/221.jpg,/picture/data/label/221.png
/picture/data/image/479.jpg,/picture/data/label/479.png
/picture/data/image/1037.jpg,/picture/data/label/1037.png
/picture/data/image/592.jpg,/picture/data/label/592.png
/picture/data/image/1265.jpg,/picture/data/label/1265.png
/picture/data/image/597.jpg,/picture/data/label/597.png
/picture/data/image/815.jpg,/picture/data/label/815.png
/picture/data/image/785.jpg,/picture/data/label/785.png
/picture/data/image/1455.jpg,/picture/data/label/1455.png
/picture/data/image/560.jpg,/picture/data/label/560.png
/picture/data/image/232.jpg,/picture/data/label/232.png
/picture/data/image/234.jpg,/picture/data/label/234.png
/picture/data/image/1281.jpg,/picture/data/label/1281.png
/picture/data/image/1174.jpg,/picture/data/label/1174.png
/picture/data/image/1057.jpg,/picture/data/label/1057.png
/picture/data/image/291.jpg,/picture/data/label/291.png
/picture/data/image/454.jpg,/picture/data/label/454.png
/picture/data/image/421.jpg,/picture/data/label/421.png
/picture/data/image/1294.jpg,/picture/data/label/1294.png
/picture/data/image/1575.jpg,/picture/data/label/1575.png
/picture/data/image/731.jpg,/picture/data/label/731.png
/picture/data/image/1280.jpg,/picture/data/label/1280.png
/picture/data/image/510.jpg,/picture/data/label/510.png
/picture/data/image/245.jpg,/picture/data/label/245.png
/picture/data/image/1388.jpg,/picture/data/label/1388.png
/picture/data/image/594.jpg,/picture/data/label/594.png
/picture/data/image/1594.jpg,/picture/data/label/1594.png
/picture/data/image/5.jpg,/picture/data/label/5.png
/picture/data/image/871.jpg,/picture/data/label/871.png
/picture/data/image/198.jpg,/picture/data/label/198.png
/picture/data/image/1248.jpg,/picture/data/label/1248.png
/picture/data/image/1429.jpg,/picture/data/label/1429.png
/picture/data/image/1180.jpg,/picture/data/label/1180.png
/picture/data/image/1470.jpg,/picture/data/label/1470.png
/picture/data/image/170.jpg,/picture/data/label/170.png
/picture/data/image/1081.jpg,/picture/data/label/1081.png
/picture/data/image/400.jpg,/picture/data/label/400.png
/picture/data/image/1533.jpg,/picture/data/label/1533.png
/picture/data/image/996.jpg,/picture/data/label/996.png
/picture/data/image/588.jpg,/picture/data/label/588.png
/picture/data/image/108.jpg,/picture/data/label/108.png
/picture/data/image/648.jpg,/picture/data/label/648.png
/picture/data/image/1286.jpg,/picture/data/label/1286.png
/picture/data/image/1378.jpg,/picture/data/label/1378.png
/picture/data/image/840.jpg,/picture/data/label/840.png
/picture/data/image/738.jpg,/picture/data/label/738.png
/picture/data/image/1526.jpg,/picture/data/label/1526.png
/picture/data/image/757.jpg,/picture/data/label/757.png
/picture/data/image/1392.jpg,/picture/data/label/1392.png
/picture/data/image/679.jpg,/picture/data/label/679.png
/picture/data/image/1327.jpg,/picture/data/label/1327.png
/picture/data/image/463.jpg,/picture/data/label/463.png
/picture/data/image/1024.jpg,/picture/data/label/1024.png
/picture/data/image/1507.jpg,/picture/data/label/1507.png
/picture/data/image/969.jpg,/picture/data/label/969.png
/picture/data/image/320.jpg,/picture/data/label/320.png
/picture/data/image/1368.jpg,/picture/data/label/1368.png
/picture/data/image/1322.jpg,/picture/data/label/1322.png
/picture/data/image/434.jpg,/picture/data/label/434.png
/picture/data/image/725.jpg,/picture/data/label/725.png
/picture/data/image/700.jpg,/picture/data/label/700.png
/picture/data/image/67.jpg,/picture/data/label/67.png
/picture/data/image/418.jpg,/picture/data/label/418.png
/picture/data/image/823.jpg,/picture/data/label/823.png
/picture/data/image/1472.jpg,/picture/data/label/1472.png
/picture/data/image/610.jpg,/picture/data/label/610.png
/picture/data/image/1036.jpg,/picture/data/label/1036.png
/picture/data/image/310.jpg,/picture/data/label/310.png
/picture/data/image/442.jpg,/picture/data/label/442.png
/picture/data/image/802.jpg,/picture/data/label/802.png
/picture/data/image/1432.jpg,/picture/data/label/1432.png
/picture/data/image/813.jpg,/picture/data/label/813.png
/picture/data/image/31.jpg,/picture/data/label/31.png
/picture/data/image/1090.jpg,/picture/data/label/1090.png
/picture/data/image/854.jpg,/picture/data/label/854.png
/picture/data/image/453.jpg,/picture/data/label/453.png
/picture/data/image/1101.jpg,/picture/data/label/1101.png
/picture/data/image/774.jpg,/picture/data/label/774.png
/picture/data/image/993.jpg,/picture/data/label/993.png
/picture/data/image/143.jpg,/picture/data/label/143.png
/picture/data/image/1467.jpg,/picture/data/label/1467.png
/picture/data/image/357.jpg,/picture/data/label/357.png
/picture/data/image/1113.jpg,/picture/data/label/1113.png
/picture/data/image/829.jpg,/picture/data/label/829.png
/picture/data/image/752.jpg,/picture/data/label/752.png
/picture/data/image/839.jpg,/picture/data/label/839.png
/picture/data/image/1228.jpg,/picture/data/label/1228.png
/picture/data/image/614.jpg,/picture/data/label/614.png
/picture/data/image/616.jpg,/picture/data/label/616.png
/picture/data/image/387.jpg,/picture/data/label/387.png
/picture/data/image/206.jpg,/picture/data/label/206.png
/picture/data/image/879.jpg,/picture/data/label/879.png
/picture/data/image/1078.jpg,/picture/data/label/1078.png
/picture/data/image/887.jpg,/picture/data/label/887.png
/picture/data/image/1266.jpg,/picture/data/label/1266.png
/picture/data/image/265.jpg,/picture/data/label/265.png
/picture/data/image/269.jpg,/picture/data/label/269.png
/picture/data/image/159.jpg,/picture/data/label/159.png
/picture/data/image/485.jpg,/picture/data/label/485.png
/picture/data/image/1335.jpg,/picture/data/label/1335.png
/picture/data/image/868.jpg,/picture/data/label/868.png
/picture/data/image/573.jpg,/picture/data/label/573.png
/picture/data/image/14.jpg,/picture/data/label/14.png
/picture/data/image/1496.jpg,/picture/data/label/1496.png
/picture/data/image/1312.jpg,/picture/data/label/1312.png
/picture/data/image/658.jpg,/picture/data/label/658.png
/picture/data/image/209.jpg,/picture/data/label/209.png
/picture/data/image/1255.jpg,/picture/data/label/1255.png
/picture/data/image/1189.jpg,/picture/data/label/1189.png
/picture/data/image/402.jpg,/picture/data/label/402.png
/picture/data/image/1060.jpg,/picture/data/label/1060.png
/picture/data/image/204.jpg,/picture/data/label/204.png
/picture/data/image/575.jpg,/picture/data/label/575.png
/picture/data/image/777.jpg,/picture/data/label/777.png
/picture/data/image/48.jpg,/picture/data/label/48.png
/picture/data/image/640.jpg,/picture/data/label/640.png
/picture/data/image/15.jpg,/picture/data/label/15.png
/picture/data/image/565.jpg,/picture/data/label/565.png
/picture/data/image/936.jpg,/picture/data/label/936.png
/picture/data/image/771.jpg,/picture/data/label/771.png
/picture/data/image/789.jpg,/picture/data/label/789.png
/picture/data/image/1473.jpg,/picture/data/label/1473.png
/picture/data/image/1235.jpg,/picture/data/label/1235.png
/picture/data/image/352.jpg,/picture/data/label/352.png
/picture/data/image/1075.jpg,/picture/data/label/1075.png
/picture/data/image/353.jpg,/picture/data/label/353.png
/picture/data/image/303.jpg,/picture/data/label/303.png
/picture/data/image/474.jpg,/picture/data/label/474.png
/picture/data/image/901.jpg,/picture/data/label/901.png
/picture/data/image/917.jpg,/picture/data/label/917.png
/picture/data/image/470.jpg,/picture/data/label/470.png
/picture/data/image/1116.jpg,/picture/data/label/1116.png
/picture/data/image/1523.jpg,/picture/data/label/1523.png
/picture/data/image/1306.jpg,/picture/data/label/1306.png
/picture/data/image/540.jpg,/picture/data/label/540.png
/picture/data/image/1461.jpg,/picture/data/label/1461.png
/picture/data/image/1083.jpg,/picture/data/label/1083.png
/picture/data/image/954.jpg,/picture/data/label/954.png
/picture/data/image/1133.jpg,/picture/data/label/1133.png
/picture/data/image/1239.jpg,/picture/data/label/1239.png
/picture/data/image/659.jpg,/picture/data/label/659.png
/picture/data/image/1478.jpg,/picture/data/label/1478.png
/picture/data/image/219.jpg,/picture/data/label/219.png
/picture/data/image/874.jpg,/picture/data/label/874.png
/picture/data/image/903.jpg,/picture/data/label/903.png
/picture/data/image/1091.jpg,/picture/data/label/1091.png
/picture/data/image/650.jpg,/picture/data/label/650.png
/picture/data/image/1182.jpg,/picture/data/label/1182.png
/picture/data/image/1023.jpg,/picture/data/label/1023.png
/picture/data/image/1173.jpg,/picture/data/label/1173.png
/picture/data/image/626.jpg,/picture/data/label/626.png
/picture/data/image/83.jpg,/picture/data/label/83.png
/picture/data/image/1338.jpg,/picture/data/label/1338.png
/picture/data/image/982.jpg,/picture/data/label/982.png
/picture/data/image/284.jpg,/picture/data/label/284.png
/picture/data/image/42.jpg,/picture/data/label/42.png
/picture/data/image/718.jpg,/picture/data/label/718.png
/picture/data/image/1163.jpg,/picture/data/label/1163.png
/picture/data/image/645.jpg,/picture/data/label/645.png
/picture/data/image/127.jpg,/picture/data/label/127.png
/picture/data/image/778.jpg,/picture/data/label/778.png
/picture/data/image/374.jpg,/picture/data/label/374.png
/picture/data/image/270.jpg,/picture/data/label/270.png
/picture/data/image/1089.jpg,/picture/data/label/1089.png
/picture/data/image/1323.jpg,/picture/data/label/1323.png
/picture/data/image/1146.jpg,/picture/data/label/1146.png
/picture/data/image/361.jpg,/picture/data/label/361.png
/picture/data/image/1109.jpg,/picture/data/label/1109.png
/picture/data/image/1087.jpg,/picture/data/label/1087.png
/picture/data/image/331.jpg,/picture/data/label/331.png
/picture/data/image/149.jpg,/picture/data/label/149.png
/picture/data/image/1063.jpg,/picture/data/label/1063.png
/picture/data/image/459.jpg,/picture/data/label/459.png
/picture/data/image/296.jpg,/picture/data/label/296.png
/picture/data/image/533.jpg,/picture/data/label/533.png
/picture/data/image/125.jpg,/picture/data/label/125.png
/picture/data/image/836.jpg,/picture/data/label/836.png
/picture/data/image/433.jpg,/picture/data/label/433.png
/picture/data/image/501.jpg,/picture/data/label/501.png
/picture/data/image/86.jpg,/picture/data/label/86.png
/picture/data/image/1345.jpg,/picture/data/label/1345.png
/picture/data/image/890.jpg,/picture/data/label/890.png
/picture/data/image/1475.jpg,/picture/data/label/1475.png
/picture/data/image/114.jpg,/picture/data/label/114.png
/picture/data/image/89.jpg,/picture/data/label/89.png
/picture/data/image/1365.jpg,/picture/data/label/1365.png
/picture/data/image/635.jpg,/picture/data/label/635.png
/picture/data/image/1016.jpg,/picture/data/label/1016.png
/picture/data/image/495.jpg,/picture/data/label/495.png
/picture/data/image/1274.jpg,/picture/data/label/1274.png
/picture/data/image/239.jpg,/picture/data/label/239.png
/picture/data/image/1300.jpg,/picture/data/label/1300.png
/picture/data/image/574.jpg,/picture/data/label/574.png
/picture/data/image/724.jpg,/picture/data/label/724.png
/picture/data/image/1194.jpg,/picture/data/label/1194.png
/picture/data/image/384.jpg,/picture/data/label/384.png
/picture/data/image/65.jpg,/picture/data/label/65.png
/picture/data/image/466.jpg,/picture/data/label/466.png
/picture/data/image/1400.jpg,/picture/data/label/1400.png
/picture/data/image/590.jpg,/picture/data/label/590.png
/picture/data/image/545.jpg,/picture/data/label/545.png
/picture/data/image/567.jpg,/picture/data/label/567.png
/picture/data/image/462.jpg,/picture/data/label/462.png
/picture/data/image/390.jpg,/picture/data/label/390.png
/picture/data/image/1117.jpg,/picture/data/label/1117.png
/picture/data/image/1176.jpg,/picture/data/label/1176.png
/picture/data/image/1578.jpg,/picture/data/label/1578.png
/picture/data/image/1049.jpg,/picture/data/label/1049.png
/picture/data/image/1471.jpg,/picture/data/label/1471.png
/picture/data/image/161.jpg,/picture/data/label/161.png
/picture/data/image/898.jpg,/picture/data/label/898.png
/picture/data/image/727.jpg,/picture/data/label/727.png
/picture/data/image/207.jpg,/picture/data/label/207.png
/picture/data/image/1099.jpg,/picture/data/label/1099.png
/picture/data/image/584.jpg,/picture/data/label/584.png
/picture/data/image/882.jpg,/picture/data/label/882.png
/picture/data/image/895.jpg,/picture/data/label/895.png
/picture/data/image/586.jpg,/picture/data/label/586.png
/picture/data/image/834.jpg,/picture/data/label/834.png
/picture/data/image/242.jpg,/picture/data/label/242.png
/picture/data/image/1386.jpg,/picture/data/label/1386.png
/picture/data/image/885.jpg,/picture/data/label/885.png
/picture/data/image/930.jpg,/picture/data/label/930.png
/picture/data/image/124.jpg,/picture/data/label/124.png
/picture/data/image/1546.jpg,/picture/data/label/1546.png
/picture/data/image/622.jpg,/picture/data/label/622.png
/picture/data/image/1423.jpg,/picture/data/label/1423.png
/picture/data/image/1247.jpg,/picture/data/label/1247.png
/picture/data/image/1111.jpg,/picture/data/label/1111.png
/picture/data/image/796.jpg,/picture/data/label/796.png
/picture/data/image/1310.jpg,/picture/data/label/1310.png
/picture/data/image/244.jpg,/picture/data/label/244.png
/picture/data/image/4.jpg,/picture/data/label/4.png
/picture/data/image/43.jpg,/picture/data/label/43.png
/picture/data/image/688.jpg,/picture/data/label/688.png
/picture/data/image/1256.jpg,/picture/data/label/1256.png
/picture/data/image/94.jpg,/picture/data/label/94.png
/picture/data/image/1147.jpg,/picture/data/label/1147.png
/picture/data/image/1168.jpg,/picture/data/label/1168.png
/picture/data/image/1262.jpg,/picture/data/label/1262.png
/picture/data/image/164.jpg,/picture/data/label/164.png
/picture/data/image/561.jpg,/picture/data/label/561.png
/picture/data/image/423.jpg,/picture/data/label/423.png
/picture/data/image/492.jpg,/picture/data/label/492.png
/picture/data/image/1102.jpg,/picture/data/label/1102.png
/picture/data/image/831.jpg,/picture/data/label/831.png
/picture/data/image/155.jpg,/picture/data/label/155.png
/picture/data/image/518.jpg,/picture/data/label/518.png
/picture/data/image/307.jpg,/picture/data/label/307.png
/picture/data/image/1522.jpg,/picture/data/label/1522.png
/picture/data/image/551.jpg,/picture/data/label/551.png
/picture/data/image/1391.jpg,/picture/data/label/1391.png
/picture/data/image/753.jpg,/picture/data/label/753.png
/picture/data/image/1354.jpg,/picture/data/label/1354.png
/picture/data/image/1086.jpg,/picture/data/label/1086.png
/picture/data/image/440.jpg,/picture/data/label/440.png
/picture/data/image/1047.jpg,/picture/data/label/1047.png
/picture/data/image/120.jpg,/picture/data/label/120.png
/picture/data/image/891.jpg,/picture/data/label/891.png
/picture/data/image/399.jpg,/picture/data/label/399.png
/picture/data/image/500.jpg,/picture/data/label/500.png
/picture/data/image/810.jpg,/picture/data/label/810.png
/picture/data/image/896.jpg,/picture/data/label/896.png
/picture/data/image/1288.jpg,/picture/data/label/1288.png
/picture/data/image/460.jpg,/picture/data/label/460.png
/picture/data/image/147.jpg,/picture/data/label/147.png
/picture/data/image/312.jpg,/picture/data/label/312.png
/picture/data/image/515.jpg,/picture/data/label/515.png
/picture/data/image/54.jpg,/picture/data/label/54.png
/picture/data/image/998.jpg,/picture/data/label/998.png
/picture/data/image/133.jpg,/picture/data/label/133.png
/picture/data/image/1183.jpg,/picture/data/label/1183.png
/picture/data/image/294.jpg,/picture/data/label/294.png
/picture/data/image/509.jpg,/picture/data/label/509.png
/picture/data/image/458.jpg,/picture/data/label/458.png
/picture/data/image/624.jpg,/picture/data/label/624.png
/picture/data/image/300.jpg,/picture/data/label/300.png
/picture/data/image/1598.jpg,/picture/data/label/1598.png
/picture/data/image/1486.jpg,/picture/data/label/1486.png
/picture/data/image/82.jpg,/picture/data/label/82.png
/picture/data/image/1187.jpg,/picture/data/label/1187.png
/picture/data/image/958.jpg,/picture/data/label/958.png
/picture/data/image/1096.jpg,/picture/data/label/1096.png
/picture/data/image/224.jpg,/picture/data/label/224.png
/picture/data/image/59.jpg,/picture/data/label/59.png
/picture/data/image/1296.jpg,/picture/data/label/1296.png
/picture/data/image/457.jpg,/picture/data/label/457.png
/picture/data/image/915.jpg,/picture/data/label/915.png
/picture/data/image/620.jpg,/picture/data/label/620.png
/picture/data/image/324.jpg,/picture/data/label/324.png
/picture/data/image/944.jpg,/picture/data/label/944.png
/picture/data/image/172.jpg,/picture/data/label/172.png
/picture/data/image/413.jpg,/picture/data/label/413.png
/picture/data/image/1139.jpg,/picture/data/label/1139.png
/picture/data/image/760.jpg,/picture/data/label/760.png
/picture/data/image/684.jpg,/picture/data/label/684.png
/picture/data/image/1254.jpg,/picture/data/label/1254.png
/picture/data/image/1159.jpg,/picture/data/label/1159.png
/picture/data/image/579.jpg,/picture/data/label/579.png
/picture/data/image/935.jpg,/picture/data/label/935.png
/picture/data/image/25.jpg,/picture/data/label/25.png
/picture/data/image/970.jpg,/picture/data/label/970.png
/picture/data/image/593.jpg,/picture/data/label/593.png
/picture/data/image/628.jpg,/picture/data/label/628.png
/picture/data/image/508.jpg,/picture/data/label/508.png
/picture/data/image/1177.jpg,/picture/data/label/1177.png
/picture/data/image/1476.jpg,/picture/data/label/1476.png
/picture/data/image/863.jpg,/picture/data/label/863.png
/picture/data/image/1495.jpg,/picture/data/label/1495.png
/picture/data/image/822.jpg,/picture/data/label/822.png
/picture/data/image/1409.jpg,/picture/data/label/1409.png
/picture/data/image/1579.jpg,/picture/data/label/1579.png
/picture/data/image/118.jpg,/picture/data/label/118.png
/picture/data/image/1469.jpg,/picture/data/label/1469.png
/picture/data/image/981.jpg,/picture/data/label/981.png
/picture/data/image/1042.jpg,/picture/data/label/1042.png
/picture/data/image/408.jpg,/picture/data/label/408.png
/picture/data/image/1389.jpg,/picture/data/label/1389.png
/picture/data/image/649.jpg,/picture/data/label/649.png
/picture/data/image/989.jpg,/picture/data/label/989.png
/picture/data/image/1362.jpg,/picture/data/label/1362.png
/picture/data/image/325.jpg,/picture/data/label/325.png
/picture/data/image/1349.jpg,/picture/data/label/1349.png
/picture/data/image/952.jpg,/picture/data/label/952.png
/picture/data/image/393.jpg,/picture/data/label/393.png
/picture/data/image/629.jpg,/picture/data/label/629.png
/picture/data/image/109.jpg,/picture/data/label/109.png
/picture/data/image/1534.jpg,/picture/data/label/1534.png
/picture/data/image/1271.jpg,/picture/data/label/1271.png
/picture/data/image/446.jpg,/picture/data/label/446.png
/picture/data/image/190.jpg,/picture/data/label/190.png
/picture/data/image/1395.jpg,/picture/data/label/1395.png
/picture/data/image/1077.jpg,/picture/data/label/1077.png
/picture/data/image/916.jpg,/picture/data/label/916.png
/picture/data/image/478.jpg,/picture/data/label/478.png
/picture/data/image/1421.jpg,/picture/data/label/1421.png
/picture/data/image/750.jpg,/picture/data/label/750.png
/picture/data/image/555.jpg,/picture/data/label/555.png
/picture/data/image/1509.jpg,/picture/data/label/1509.png
/picture/data/image/1257.jpg,/picture/data/label/1257.png
/picture/data/image/851.jpg,/picture/data/label/851.png
/picture/data/image/580.jpg,/picture/data/label/580.png
/picture/data/image/1134.jpg,/picture/data/label/1134.png
/picture/data/image/88.jpg,/picture/data/label/88.png
/picture/data/image/490.jpg,/picture/data/label/490.png
/picture/data/image/549.jpg,/picture/data/label/549.png
/picture/data/image/132.jpg,/picture/data/label/132.png
/picture/data/image/713.jpg,/picture/data/label/713.png
/picture/data/image/333.jpg,/picture/data/label/333.png
/picture/data/image/527.jpg,/picture/data/label/527.png
/picture/data/image/1214.jpg,/picture/data/label/1214.png
/picture/data/image/1119.jpg,/picture/data/label/1119.png
/picture/data/image/162.jpg,/picture/data/label/162.png
/picture/data/image/1554.jpg,/picture/data/label/1554.png
/picture/data/image/792.jpg,/picture/data/label/792.png
/picture/data/image/1128.jpg,/picture/data/label/1128.png
/picture/data/image/311.jpg,/picture/data/label/311.png
/picture/data/image/181.jpg,/picture/data/label/181.png
/picture/data/image/1190.jpg,/picture/data/label/1190.png
/picture/data/image/1071.jpg,/picture/data/label/1071.png
/picture/data/image/1186.jpg,/picture/data/label/1186.png
/picture/data/image/286.jpg,/picture/data/label/286.png
/picture/data/image/988.jpg,/picture/data/label/988.png
/picture/data/image/58.jpg,/picture/data/label/58.png
/picture/data/image/1453.jpg,/picture/data/label/1453.png
/picture/data/image/809.jpg,/picture/data/label/809.png
/picture/data/image/673.jpg,/picture/data/label/673.png
/picture/data/image/819.jpg,/picture/data/label/819.png
/picture/data/image/129.jpg,/picture/data/label/129.png
/picture/data/image/1264.jpg,/picture/data/label/1264.png
/picture/data/image/990.jpg,/picture/data/label/990.png
/picture/data/image/1039.jpg,/picture/data/label/1039.png
/picture/data/image/216.jpg,/picture/data/label/216.png
/picture/data/image/360.jpg,/picture/data/label/360.png
/picture/data/image/1084.jpg,/picture/data/label/1084.png
/picture/data/image/193.jpg,/picture/data/label/193.png
/picture/data/image/1456.jpg,/picture/data/label/1456.png
/picture/data/image/812.jpg,/picture/data/label/812.png
/picture/data/image/710.jpg,/picture/data/label/710.png
/picture/data/image/428.jpg,/picture/data/label/428.png
/picture/data/image/417.jpg,/picture/data/label/417.png
/picture/data/image/60.jpg,/picture/data/label/60.png
/picture/data/image/1029.jpg,/picture/data/label/1029.png
/picture/data/image/255.jpg,/picture/data/label/255.png
/picture/data/image/1292.jpg,/picture/data/label/1292.png
/picture/data/image/1148.jpg,/picture/data/label/1148.png
/picture/data/image/1468.jpg,/picture/data/label/1468.png
/picture/data/image/263.jpg,/picture/data/label/263.png
/picture/data/image/1593.jpg,/picture/data/label/1593.png
/picture/data/image/1278.jpg,/picture/data/label/1278.png
/picture/data/image/110.jpg,/picture/data/label/110.png
/picture/data/image/63.jpg,/picture/data/label/63.png
/picture/data/image/652.jpg,/picture/data/label/652.png
/picture/data/image/1126.jpg,/picture/data/label/1126.png
/picture/data/image/163.jpg,/picture/data/label/163.png
/picture/data/image/1046.jpg,/picture/data/label/1046.png
/picture/data/image/383.jpg,/picture/data/label/383.png
/picture/data/image/1448.jpg,/picture/data/label/1448.png
/picture/data/image/1538.jpg,/picture/data/label/1538.png
/picture/data/image/1098.jpg,/picture/data/label/1098.png
/picture/data/image/1330.jpg,/picture/data/label/1330.png
/picture/data/image/1080.jpg,/picture/data/label/1080.png
/picture/data/image/591.jpg,/picture/data/label/591.png
/picture/data/image/16.jpg,/picture/data/label/16.png
/picture/data/image/1106.jpg,/picture/data/label/1106.png
/picture/data/image/544.jpg,/picture/data/label/544.png
/picture/data/image/1055.jpg,/picture/data/label/1055.png
/picture/data/image/577.jpg,/picture/data/label/577.png
/picture/data/image/1094.jpg,/picture/data/label/1094.png
/picture/data/image/1263.jpg,/picture/data/label/1263.png
/picture/data/image/1191.jpg,/picture/data/label/1191.png
/picture/data/image/1572.jpg,/picture/data/label/1572.png
/picture/data/image/1355.jpg,/picture/data/label/1355.png
/picture/data/image/709.jpg,/picture/data/label/709.png
/picture/data/image/1135.jpg,/picture/data/label/1135.png
/picture/data/image/1156.jpg,/picture/data/label/1156.png
/picture/data/image/869.jpg,/picture/data/label/869.png
/picture/data/image/179.jpg,/picture/data/label/179.png
/picture/data/image/319.jpg,/picture/data/label/319.png
/picture/data/image/1275.jpg,/picture/data/label/1275.png
/picture/data/image/414.jpg,/picture/data/label/414.png
/picture/data/image/1348.jpg,/picture/data/label/1348.png
/picture/data/image/1030.jpg,/picture/data/label/1030.png
/picture/data/image/1385.jpg,/picture/data/label/1385.png
/picture/data/image/647.jpg,/picture/data/label/647.png
/picture/data/image/1267.jpg,/picture/data/label/1267.png
/picture/data/image/552.jpg,/picture/data/label/552.png
/picture/data/image/1211.jpg,/picture/data/label/1211.png
/picture/data/image/33.jpg,/picture/data/label/33.png
/picture/data/image/1051.jpg,/picture/data/label/1051.png
/picture/data/image/1558.jpg,/picture/data/label/1558.png
/picture/data/image/97.jpg,/picture/data/label/97.png
/picture/data/image/1573.jpg,/picture/data/label/1573.png
/picture/data/image/56.jpg,/picture/data/label/56.png
/picture/data/image/1561.jpg,/picture/data/label/1561.png
/picture/data/image/1563.jpg,/picture/data/label/1563.png
/picture/data/image/733.jpg,/picture/data/label/733.png
/picture/data/image/852.jpg,/picture/data/label/852.png
/picture/data/image/64.jpg,/picture/data/label/64.png
/picture/data/image/675.jpg,/picture/data/label/675.png
/picture/data/image/751.jpg,/picture/data/label/751.png
/picture/data/image/1212.jpg,/picture/data/label/1212.png
/picture/data/image/1004.jpg,/picture/data/label/1004.png
/picture/data/image/388.jpg,/picture/data/label/388.png
/picture/data/image/749.jpg,/picture/data/label/749.png
/picture/data/image/427.jpg,/picture/data/label/427.png
/picture/data/image/371.jpg,/picture/data/label/371.png
/picture/data/image/956.jpg,/picture/data/label/956.png
/picture/data/image/1291.jpg,/picture/data/label/1291.png
/picture/data/image/1210.jpg,/picture/data/label/1210.png
/picture/data/image/909.jpg,/picture/data/label/909.png
/picture/data/image/412.jpg,/picture/data/label/412.png
/picture/data/image/47.jpg,/picture/data/label/47.png
/picture/data/image/536.jpg,/picture/data/label/536.png
/picture/data/image/960.jpg,/picture/data/label/960.png
/picture/data/image/107.jpg,/picture/data/label/107.png
/picture/data/image/1127.jpg,/picture/data/label/1127.png
/picture/data/image/75.jpg,/picture/data/label/75.png
/picture/data/image/961.jpg,/picture/data/label/961.png
/picture/data/image/1369.jpg,/picture/data/label/1369.png
/picture/data/image/703.jpg,/picture/data/label/703.png
/picture/data/image/1033.jpg,/picture/data/label/1033.png
/picture/data/image/683.jpg,/picture/data/label/683.png
/picture/data/image/548.jpg,/picture/data/label/548.png
/picture/data/image/483.jpg,/picture/data/label/483.png
/picture/data/image/268.jpg,/picture/data/label/268.png
/picture/data/image/1529.jpg,/picture/data/label/1529.png
/picture/data/image/1497.jpg,/picture/data/label/1497.png
/picture/data/image/1041.jpg,/picture/data/label/1041.png
/picture/data/image/1215.jpg,/picture/data/label/1215.png
/picture/data/image/306.jpg,/picture/data/label/306.png
/picture/data/image/572.jpg,/picture/data/label/572.png
/picture/data/image/1224.jpg,/picture/data/label/1224.png
/picture/data/image/117.jpg,/picture/data/label/117.png
/picture/data/image/1577.jpg,/picture/data/label/1577.png
/picture/data/image/800.jpg,/picture/data/label/800.png
/picture/data/image/656.jpg,/picture/data/label/656.png
/picture/data/image/437.jpg,/picture/data/label/437.png
/picture/data/image/430.jpg,/picture/data/label/430.png
/picture/data/image/1357.jpg,/picture/data/label/1357.png
/picture/data/image/585.jpg,/picture/data/label/585.png
/picture/data/image/27.jpg,/picture/data/label/27.png
/picture/data/image/1401.jpg,/picture/data/label/1401.png
/picture/data/image/702.jpg,/picture/data/label/702.png
/picture/data/image/1222.jpg,/picture/data/label/1222.png
/picture/data/image/1216.jpg,/picture/data/label/1216.png
/picture/data/image/666.jpg,/picture/data/label/666.png
/picture/data/image/1202.jpg,/picture/data/label/1202.png
/picture/data/image/825.jpg,/picture/data/label/825.png
/picture/data/image/602.jpg,/picture/data/label/602.png
/picture/data/image/558.jpg,/picture/data/label/558.png
/picture/data/image/923.jpg,/picture/data/label/923.png
/picture/data/image/766.jpg,/picture/data/label/766.png
/picture/data/image/297.jpg,/picture/data/label/297.png
/picture/data/image/1052.jpg,/picture/data/label/1052.png
/picture/data/image/380.jpg,/picture/data/label/380.png
/picture/data/image/528.jpg,/picture/data/label/528.png
/picture/data/image/441.jpg,/picture/data/label/441.png
/picture/data/image/290.jpg,/picture/data/label/290.png
/picture/data/image/214.jpg,/picture/data/label/214.png
/picture/data/image/23.jpg,/picture/data/label/23.png
/picture/data/image/730.jpg,/picture/data/label/730.png
/picture/data/image/315.jpg,/picture/data/label/315.png
/picture/data/image/338.jpg,/picture/data/label/338.png
/picture/data/image/95.jpg,/picture/data/label/95.png
/picture/data/image/811.jpg,/picture/data/label/811.png
/picture/data/image/876.jpg,/picture/data/label/876.png
/picture/data/image/1132.jpg,/picture/data/label/1132.png
/picture/data/image/425.jpg,/picture/data/label/425.png
/picture/data/image/1324.jpg,/picture/data/label/1324.png
/picture/data/image/889.jpg,/picture/data/label/889.png
/picture/data/image/131.jpg,/picture/data/label/131.png
/picture/data/image/1437.jpg,/picture/data/label/1437.png
/picture/data/image/888.jpg,/picture/data/label/888.png
/picture/data/image/8.jpg,/picture/data/label/8.png
/picture/data/image/1586.jpg,/picture/data/label/1586.png
/picture/data/image/1550.jpg,/picture/data/label/1550.png
/picture/data/image/1334.jpg,/picture/data/label/1334.png
/picture/data/image/1518.jpg,/picture/data/label/1518.png
/picture/data/image/183.jpg,/picture/data/label/183.png
/picture/data/image/447.jpg,/picture/data/label/447.png
/picture/data/image/514.jpg,/picture/data/label/514.png
/picture/data/image/971.jpg,/picture/data/label/971.png
/picture/data/image/1318.jpg,/picture/data/label/1318.png
/picture/data/image/699.jpg,/picture/data/label/699.png
/picture/data/image/644.jpg,/picture/data/label/644.png
/picture/data/image/1514.jpg,/picture/data/label/1514.png
/picture/data/image/1359.jpg,/picture/data/label/1359.png
/picture/data/image/581.jpg,/picture/data/label/581.png
/picture/data/image/818.jpg,/picture/data/label/818.png
/picture/data/image/1394.jpg,/picture/data/label/1394.png
/picture/data/image/254.jpg,/picture/data/label/254.png
/picture/data/image/1230.jpg,/picture/data/label/1230.png
/picture/data/image/1374.jpg,/picture/data/label/1374.png
/picture/data/image/947.jpg,/picture/data/label/947.png
/picture/data/image/550.jpg,/picture/data/label/550.png
/picture/data/image/62.jpg,/picture/data/label/62.png
/picture/data/image/687.jpg,/picture/data/label/687.png
/picture/data/image/881.jpg,/picture/data/label/881.png
/picture/data/image/55.jpg,/picture/data/label/55.png
/picture/data/image/327.jpg,/picture/data/label/327.png
/picture/data/image/1544.jpg,/picture/data/label/1544.png
/picture/data/image/883.jpg,/picture/data/label/883.png
/picture/data/image/122.jpg,/picture/data/label/122.png
/picture/data/image/1.jpg,/picture/data/label/1.png
/picture/data/image/900.jpg,/picture/data/label/900.png
/picture/data/image/1062.jpg,/picture/data/label/1062.png
/picture/data/image/855.jpg,/picture/data/label/855.png
/picture/data/image/1404.jpg,/picture/data/label/1404.png
/picture/data/image/516.jpg,/picture/data/label/516.png
/picture/data/image/1390.jpg,/picture/data/label/1390.png
/picture/data/image/519.jpg,/picture/data/label/519.png
/picture/data/image/1431.jpg,/picture/data/label/1431.png
/picture/data/image/1242.jpg,/picture/data/label/1242.png
/picture/data/image/1353.jpg,/picture/data/label/1353.png
/picture/data/image/828.jpg,/picture/data/label/828.png
/picture/data/image/599.jpg,/picture/data/label/599.png
/picture/data/image/3.jpg,/picture/data/label/3.png
/picture/data/image/1393.jpg,/picture/data/label/1393.png
/picture/data/image/1444.jpg,/picture/data/label/1444.png
/picture/data/image/366.jpg,/picture/data/label/366.png
/picture/data/image/432.jpg,/picture/data/label/432.png
/picture/data/image/596.jpg,/picture/data/label/596.png
/picture/data/image/1584.jpg,/picture/data/label/1584.png
/picture/data/image/1564.jpg,/picture/data/label/1564.png
/picture/data/image/1025.jpg,/picture/data/label/1025.png
/picture/data/image/641.jpg,/picture/data/label/641.png
/picture/data/image/1425.jpg,/picture/data/label/1425.png
/picture/data/image/668.jpg,/picture/data/label/668.png
/picture/data/image/461.jpg,/picture/data/label/461.png
/picture/data/image/950.jpg,/picture/data/label/950.png
/picture/data/image/281.jpg,/picture/data/label/281.png
/picture/data/image/630.jpg,/picture/data/label/630.png
/picture/data/image/1236.jpg,/picture/data/label/1236.png
/picture/data/image/280.jpg,/picture/data/label/280.png
/picture/data/image/529.jpg,/picture/data/label/529.png
/picture/data/image/72.jpg,/picture/data/label/72.png
/picture/data/image/1329.jpg,/picture/data/label/1329.png
/picture/data/image/745.jpg,/picture/data/label/745.png
/picture/data/image/1243.jpg,/picture/data/label/1243.png
/picture/data/image/1490.jpg,/picture/data/label/1490.png
/picture/data/image/1462.jpg,/picture/data/label/1462.png
/picture/data/image/223.jpg,/picture/data/label/223.png
/picture/data/image/1153.jpg,/picture/data/label/1153.png
/picture/data/image/186.jpg,/picture/data/label/186.png
/picture/data/image/665.jpg,/picture/data/label/665.png
/picture/data/image/1175.jpg,/picture/data/label/1175.png
/picture/data/image/411.jpg,/picture/data/label/411.png
/picture/data/image/1314.jpg,/picture/data/label/1314.png
/picture/data/image/1505.jpg,/picture/data/label/1505.png
/picture/data/image/1131.jpg,/picture/data/label/1131.png
/picture/data/image/282.jpg,/picture/data/label/282.png
/picture/data/image/260.jpg,/picture/data/label/260.png
/picture/data/image/951.jpg,/picture/data/label/951.png
/picture/data/image/643.jpg,/picture/data/label/643.png
/picture/data/image/907.jpg,/picture/data/label/907.png
/picture/data/image/984.jpg,/picture/data/label/984.png
/picture/data/image/1104.jpg,/picture/data/label/1104.png
/picture/data/image/158.jpg,/picture/data/label/158.png
/picture/data/image/422.jpg,/picture/data/label/422.png
/picture/data/image/169.jpg,/picture/data/label/169.png
/picture/data/image/892.jpg,/picture/data/label/892.png
/picture/data/image/248.jpg,/picture/data/label/248.png
/picture/data/image/241.jpg,/picture/data/label/241.png
/picture/data/image/1085.jpg,/picture/data/label/1085.png
/picture/data/image/249.jpg,/picture/data/label/249.png
/picture/data/image/537.jpg,/picture/data/label/537.png
/picture/data/image/494.jpg,/picture/data/label/494.png
/picture/data/image/1422.jpg,/picture/data/label/1422.png
/picture/data/image/513.jpg,/picture/data/label/513.png
/picture/data/image/1413.jpg,/picture/data/label/1413.png
/picture/data/image/1399.jpg,/picture/data/label/1399.png
/picture/data/image/661.jpg,/picture/data/label/661.png
/picture/data/image/843.jpg,/picture/data/label/843.png
/picture/data/image/974.jpg,/picture/data/label/974.png
/picture/data/image/385.jpg,/picture/data/label/385.png
/picture/data/image/1441.jpg,/picture/data/label/1441.png
/picture/data/image/1026.jpg,/picture/data/label/1026.png
/picture/data/image/1375.jpg,/picture/data/label/1375.png
/picture/data/image/1525.jpg,/picture/data/label/1525.png
/picture/data/image/1506.jpg,/picture/data/label/1506.png
/picture/data/image/92.jpg,/picture/data/label/92.png
/picture/data/image/22.jpg,/picture/data/label/22.png
/picture/data/image/177.jpg,/picture/data/label/177.png
/picture/data/image/1268.jpg,/picture/data/label/1268.png
/picture/data/image/222.jpg,/picture/data/label/222.png
/picture/data/image/1297.jpg,/picture/data/label/1297.png
/picture/data/image/758.jpg,/picture/data/label/758.png
/picture/data/image/404.jpg,/picture/data/label/404.png
/picture/data/image/1545.jpg,/picture/data/label/1545.png
/picture/data/image/929.jpg,/picture/data/label/929.png
/picture/data/image/841.jpg,/picture/data/label/841.png
/picture/data/image/535.jpg,/picture/data/label/535.png
/picture/data/image/1273.jpg,/picture/data/label/1273.png
/picture/data/image/259.jpg,/picture/data/label/259.png
/picture/data/image/182.jpg,/picture/data/label/182.png
/picture/data/image/53.jpg,/picture/data/label/53.png
/picture/data/image/1317.jpg,/picture/data/label/1317.png
/picture/data/image/201.jpg,/picture/data/label/201.png
/picture/data/image/682.jpg,/picture/data/label/682.png
/picture/data/image/1165.jpg,/picture/data/label/1165.png
/picture/data/image/583.jpg,/picture/data/label/583.png
/picture/data/image/464.jpg,/picture/data/label/464.png
/picture/data/image/1580.jpg,/picture/data/label/1580.png
/picture/data/image/797.jpg,/picture/data/label/797.png
/picture/data/image/1155.jpg,/picture/data/label/1155.png
/picture/data/image/1184.jpg,/picture/data/label/1184.png
/picture/data/image/723.jpg,/picture/data/label/723.png
/picture/data/image/1044.jpg,/picture/data/label/1044.png
/picture/data/image/91.jpg,/picture/data/label/91.png
/picture/data/image/693.jpg,/picture/data/label/693.png
/picture/data/image/1492.jpg,/picture/data/label/1492.png
/picture/data/image/1124.jpg,/picture/data/label/1124.png
/picture/data/image/711.jpg,/picture/data/label/711.png
/picture/data/image/1284.jpg,/picture/data/label/1284.png
/picture/data/image/781.jpg,/picture/data/label/781.png
/picture/data/image/111.jpg,/picture/data/label/111.png
/picture/data/image/420.jpg,/picture/data/label/420.png
/picture/data/image/100.jpg,/picture/data/label/100.png
/picture/data/image/867.jpg,/picture/data/label/867.png
/picture/data/image/243.jpg,/picture/data/label/243.png
/picture/data/image/1054.jpg,/picture/data/label/1054.png
/picture/data/image/1234.jpg,/picture/data/label/1234.png
/picture/data/image/238.jpg,/picture/data/label/238.png
/picture/data/image/1002.jpg,/picture/data/label/1002.png
/picture/data/image/1120.jpg,/picture/data/label/1120.png
/picture/data/image/893.jpg,/picture/data/label/893.png
/picture/data/image/762.jpg,/picture/data/label/762.png
/picture/data/image/1140.jpg,/picture/data/label/1140.png
/picture/data/image/130.jpg,/picture/data/label/130.png
/picture/data/image/1451.jpg,/picture/data/label/1451.png
/picture/data/image/1552.jpg,/picture/data/label/1552.png
/picture/data/image/1333.jpg,/picture/data/label/1333.png
/picture/data/image/937.jpg,/picture/data/label/937.png
/picture/data/image/1012.jpg,/picture/data/label/1012.png
/picture/data/image/1258.jpg,/picture/data/label/1258.png
/picture/data/image/266.jpg,/picture/data/label/266.png
/picture/data/image/1503.jpg,/picture/data/label/1503.png
/picture/data/image/911.jpg,/picture/data/label/911.png
/picture/data/image/695.jpg,/picture/data/label/695.png
/picture/data/image/1416.jpg,/picture/data/label/1416.png
/picture/data/image/570.jpg,/picture/data/label/570.png
/picture/data/image/38.jpg,/picture/data/label/38.png
/picture/data/image/367.jpg,/picture/data/label/367.png
/picture/data/image/456.jpg,/picture/data/label/456.png
/picture/data/image/676.jpg,/picture/data/label/676.png
/picture/data/image/208.jpg,/picture/data/label/208.png
/picture/data/image/941.jpg,/picture/data/label/941.png
/picture/data/image/578.jpg,/picture/data/label/578.png
/picture/data/image/431.jpg,/picture/data/label/431.png
/picture/data/image/373.jpg,/picture/data/label/373.png
/picture/data/image/7.jpg,/picture/data/label/7.png
/picture/data/image/498.jpg,/picture/data/label/498.png
/picture/data/image/1372.jpg,/picture/data/label/1372.png
/picture/data/image/968.jpg,/picture/data/label/968.png
/picture/data/image/1540.jpg,/picture/data/label/1540.png
/picture/data/image/1158.jpg,/picture/data/label/1158.png
/picture/data/image/1447.jpg,/picture/data/label/1447.png
/picture/data/image/334.jpg,/picture/data/label/334.png
/picture/data/image/542.jpg,/picture/data/label/542.png
/picture/data/image/1433.jpg,/picture/data/label/1433.png
/picture/data/image/435.jpg,/picture/data/label/435.png
/picture/data/image/80.jpg,/picture/data/label/80.png
/picture/data/image/873.jpg,/picture/data/label/873.png
/picture/data/image/850.jpg,/picture/data/label/850.png
/picture/data/image/113.jpg,/picture/data/label/113.png
/picture/data/image/922.jpg,/picture/data/label/922.png
/picture/data/image/68.jpg,/picture/data/label/68.png
/picture/data/image/925.jpg,/picture/data/label/925.png
/picture/data/image/1302.jpg,/picture/data/label/1302.png
/picture/data/image/801.jpg,/picture/data/label/801.png
/picture/data/image/1261.jpg,/picture/data/label/1261.png
/picture/data/image/1351.jpg,/picture/data/label/1351.png
/picture/data/image/655.jpg,/picture/data/label/655.png
/picture/data/image/166.jpg,/picture/data/label/166.png
/picture/data/image/355.jpg,/picture/data/label/355.png
/picture/data/image/582.jpg,/picture/data/label/582.png
/picture/data/image/837.jpg,/picture/data/label/837.png
/picture/data/image/1340.jpg,/picture/data/label/1340.png
/picture/data/image/739.jpg,/picture/data/label/739.png
/picture/data/image/1536.jpg,/picture/data/label/1536.png
/picture/data/image/1342.jpg,/picture/data/label/1342.png
/picture/data/image/220.jpg,/picture/data/label/220.png
/picture/data/image/943.jpg,/picture/data/label/943.png
/picture/data/image/1287.jpg,/picture/data/label/1287.png
/picture/data/image/523.jpg,/picture/data/label/523.png
/picture/data/image/1559.jpg,/picture/data/label/1559.png
/picture/data/image/1162.jpg,/picture/data/label/1162.png
/picture/data/image/1233.jpg,/picture/data/label/1233.png
/picture/data/image/279.jpg,/picture/data/label/279.png
/picture/data/image/634.jpg,/picture/data/label/634.png
/picture/data/image/337.jpg,/picture/data/label/337.png
/picture/data/image/1493.jpg,/picture/data/label/1493.png
/picture/data/image/316.jpg,/picture/data/label/316.png
/picture/data/image/595.jpg,/picture/data/label/595.png
/picture/data/image/663.jpg,/picture/data/label/663.png
/picture/data/image/1000.jpg,/picture/data/label/1000.png
/picture/data/image/171.jpg,/picture/data/label/171.png
/picture/data/image/653.jpg,/picture/data/label/653.png
/picture/data/image/211.jpg,/picture/data/label/211.png
/picture/data/image/1066.jpg,/picture/data/label/1066.png
/picture/data/image/1553.jpg,/picture/data/label/1553.png
/picture/data/image/794.jpg,/picture/data/label/794.png
/picture/data/image/407.jpg,/picture/data/label/407.png
/picture/data/image/962.jpg,/picture/data/label/962.png
/picture/data/image/256.jpg,/picture/data/label/256.png
/picture/data/image/967.jpg,/picture/data/label/967.png
/picture/data/image/677.jpg,/picture/data/label/677.png
/picture/data/image/872.jpg,/picture/data/label/872.png
/picture/data/image/1367.jpg,/picture/data/label/1367.png
/picture/data/image/973.jpg,/picture/data/label/973.png
/picture/data/image/1381.jpg,/picture/data/label/1381.png
/picture/data/image/467.jpg,/picture/data/label/467.png
/picture/data/image/747.jpg,/picture/data/label/747.png
/picture/data/image/1260.jpg,/picture/data/label/1260.png
/picture/data/image/719.jpg,/picture/data/label/719.png
/picture/data/image/344.jpg,/picture/data/label/344.png
/picture/data/image/884.jpg,/picture/data/label/884.png
/picture/data/image/93.jpg,/picture/data/label/93.png
/picture/data/image/844.jpg,/picture/data/label/844.png
/picture/data/image/165.jpg,/picture/data/label/165.png
/picture/data/image/964.jpg,/picture/data/label/964.png
/picture/data/image/933.jpg,/picture/data/label/933.png
/picture/data/image/1178.jpg,/picture/data/label/1178.png
/picture/data/image/443.jpg,/picture/data/label/443.png
/picture/data/image/348.jpg,/picture/data/label/348.png
/picture/data/image/1576.jpg,/picture/data/label/1576.png
/picture/data/image/866.jpg,/picture/data/label/866.png
/picture/data/image/1321.jpg,/picture/data/label/1321.png
/picture/data/image/1569.jpg,/picture/data/label/1569.png
/picture/data/image/289.jpg,/picture/data/label/289.png
/picture/data/image/1457.jpg,/picture/data/label/1457.png
/picture/data/image/1005.jpg,/picture/data/label/1005.png
/picture/data/image/1223.jpg,/picture/data/label/1223.png
/picture/data/image/1074.jpg,/picture/data/label/1074.png
/picture/data/image/482.jpg,/picture/data/label/482.png
/picture/data/image/1319.jpg,/picture/data/label/1319.png
/picture/data/image/860.jpg,/picture/data/label/860.png
/picture/data/image/1201.jpg,/picture/data/label/1201.png
/picture/data/image/1407.jpg,/picture/data/label/1407.png
/picture/data/image/1226.jpg,/picture/data/label/1226.png
/picture/data/image/258.jpg,/picture/data/label/258.png
/picture/data/image/1336.jpg,/picture/data/label/1336.png
/picture/data/image/1112.jpg,/picture/data/label/1112.png
/picture/data/image/795.jpg,/picture/data/label/795.png
/picture/data/image/886.jpg,/picture/data/label/886.png
/picture/data/image/939.jpg,/picture/data/label/939.png
/picture/data/image/1537.jpg,/picture/data/label/1537.png
/picture/data/image/415.jpg,/picture/data/label/415.png
/picture/data/image/1143.jpg,/picture/data/label/1143.png
/picture/data/image/1568.jpg,/picture/data/label/1568.png
/picture/data/image/1465.jpg,/picture/data/label/1465.png
/picture/data/image/189.jpg,/picture/data/label/189.png
/picture/data/image/1344.jpg,/picture/data/label/1344.png
/picture/data/image/913.jpg,/picture/data/label/913.png
/picture/data/image/1459.jpg,/picture/data/label/1459.png
/picture/data/image/486.jpg,/picture/data/label/486.png
/picture/data/image/246.jpg,/picture/data/label/246.png
/picture/data/image/1213.jpg,/picture/data/label/1213.png
/picture/data/image/154.jpg,/picture/data/label/154.png
/picture/data/image/116.jpg,/picture/data/label/116.png
/picture/data/image/1557.jpg,/picture/data/label/1557.png
/picture/data/image/104.jpg,/picture/data/label/104.png
/picture/data/image/1253.jpg,/picture/data/label/1253.png
/picture/data/image/267.jpg,/picture/data/label/267.png
/picture/data/image/106.jpg,/picture/data/label/106.png
/picture/data/image/9.jpg,/picture/data/label/9.png
/picture/data/image/1069.jpg,/picture/data/label/1069.png
/picture/data/image/701.jpg,/picture/data/label/701.png
/picture/data/image/309.jpg,/picture/data/label/309.png
/picture/data/image/1207.jpg,/picture/data/label/1207.png
/picture/data/image/704.jpg,/picture/data/label/704.png
/picture/data/image/19.jpg,/picture/data/label/19.png
/picture/data/image/386.jpg,/picture/data/label/386.png
/picture/data/image/554.jpg,/picture/data/label/554.png
/picture/data/image/1532.jpg,/picture/data/label/1532.png
/picture/data/image/617.jpg,/picture/data/label/617.png
/picture/data/image/918.jpg,/picture/data/label/918.png
/picture/data/image/264.jpg,/picture/data/label/264.png
/picture/data/image/1551.jpg,/picture/data/label/1551.png
/picture/data/image/932.jpg,/picture/data/label/932.png
/picture/data/image/756.jpg,/picture/data/label/756.png
/picture/data/image/735.jpg,/picture/data/label/735.png
/picture/data/image/942.jpg,/picture/data/label/942.png
/picture/data/image/613.jpg,/picture/data/label/613.png
/picture/data/image/1555.jpg,/picture/data/label/1555.png
/picture/data/image/1076.jpg,/picture/data/label/1076.png
/picture/data/image/746.jpg,/picture/data/label/746.png
/picture/data/image/598.jpg,/picture/data/label/598.png
/picture/data/image/1209.jpg,/picture/data/label/1209.png
/picture/data/image/378.jpg,/picture/data/label/378.png
/picture/data/image/1010.jpg,/picture/data/label/1010.png
/picture/data/image/187.jpg,/picture/data/label/187.png
/picture/data/image/1436.jpg,/picture/data/label/1436.png
/picture/data/image/405.jpg,/picture/data/label/405.png
/picture/data/image/203.jpg,/picture/data/label/203.png
/picture/data/image/534.jpg,/picture/data/label/534.png
/picture/data/image/376.jpg,/picture/data/label/376.png
/picture/data/image/1303.jpg,/picture/data/label/1303.png
/picture/data/image/1145.jpg,/picture/data/label/1145.png
/picture/data/image/205.jpg,/picture/data/label/205.png
/picture/data/image/1541.jpg,/picture/data/label/1541.png
/picture/data/image/877.jpg,/picture/data/label/877.png
/picture/data/image/670.jpg,/picture/data/label/670.png
/picture/data/image/52.jpg,/picture/data/label/52.png
/picture/data/image/349.jpg,/picture/data/label/349.png
/picture/data/image/45.jpg,/picture/data/label/45.png
/picture/data/image/878.jpg,/picture/data/label/878.png
/picture/data/image/35.jpg,/picture/data/label/35.png
/picture/data/image/587.jpg,/picture/data/label/587.png
/picture/data/image/910.jpg,/picture/data/label/910.png
/picture/data/image/273.jpg,/picture/data/label/273.png
/picture/data/image/77.jpg,/picture/data/label/77.png
/picture/data/image/1014.jpg,/picture/data/label/1014.png
/picture/data/image/12.jpg,/picture/data/label/12.png
/picture/data/image/979.jpg,/picture/data/label/979.png
/picture/data/image/469.jpg,/picture/data/label/469.png
/picture/data/image/1415.jpg,/picture/data/label/1415.png
/picture/data/image/847.jpg,/picture/data/label/847.png
/picture/data/image/957.jpg,/picture/data/label/957.png
/picture/data/image/1387.jpg,/picture/data/label/1387.png
/picture/data/image/1479.jpg,/picture/data/label/1479.png
/picture/data/image/40.jpg,/picture/data/label/40.png
/picture/data/image/41.jpg,/picture/data/label/41.png
/picture/data/image/761.jpg,/picture/data/label/761.png
/picture/data/image/1008.jpg,/picture/data/label/1008.png
/picture/data/image/782.jpg,/picture/data/label/782.png
/picture/data/image/639.jpg,/picture/data/label/639.png
/picture/data/image/714.jpg,/picture/data/label/714.png
/picture/data/image/1282.jpg,/picture/data/label/1282.png
/picture/data/image/301.jpg,/picture/data/label/301.png
/picture/data/image/409.jpg,/picture/data/label/409.png
/picture/data/image/1259.jpg,/picture/data/label/1259.png
/picture/data/image/686.jpg,/picture/data/label/686.png
/picture/data/image/1539.jpg,/picture/data/label/1539.png
/picture/data/image/1048.jpg,/picture/data/label/1048.png
/picture/data/image/1480.jpg,/picture/data/label/1480.png
/picture/data/image/262.jpg,/picture/data/label/262.png
/picture/data/image/1003.jpg,/picture/data/label/1003.png
/picture/data/image/1370.jpg,/picture/data/label/1370.png
/picture/data/image/1320.jpg,/picture/data/label/1320.png
/picture/data/image/1152.jpg,/picture/data/label/1152.png
/picture/data/image/156.jpg,/picture/data/label/156.png
/picture/data/image/605.jpg,/picture/data/label/605.png
/picture/data/image/1082.jpg,/picture/data/label/1082.png
/picture/data/image/32.jpg,/picture/data/label/32.png
/picture/data/image/1157.jpg,/picture/data/label/1157.png
/picture/data/image/1022.jpg,/picture/data/label/1022.png
/picture/data/image/934.jpg,/picture/data/label/934.png
/picture/data/image/845.jpg,/picture/data/label/845.png
/picture/data/image/1585.jpg,/picture/data/label/1585.png
/picture/data/image/637.jpg,/picture/data/label/637.png
/picture/data/image/1105.jpg,/picture/data/label/1105.png
/picture/data/image/76.jpg,/picture/data/label/76.png
/picture/data/image/504.jpg,/picture/data/label/504.png
/picture/data/image/773.jpg,/picture/data/label/773.png
/picture/data/image/767.jpg,/picture/data/label/767.png
/picture/data/image/341.jpg,/picture/data/label/341.png
/picture/data/image/410.jpg,/picture/data/label/410.png
/picture/data/image/1417.jpg,/picture/data/label/1417.png
/picture/data/image/276.jpg,/picture/data/label/276.png
/picture/data/image/192.jpg,/picture/data/label/192.png
/picture/data/image/1027.jpg,/picture/data/label/1027.png
/picture/data/image/776.jpg,/picture/data/label/776.png
/picture/data/image/946.jpg,/picture/data/label/946.png
/picture/data/image/1439.jpg,/picture/data/label/1439.png
/picture/data/image/489.jpg,/picture/data/label/489.png
/picture/data/image/1229.jpg,/picture/data/label/1229.png
/picture/data/image/503.jpg,/picture/data/label/503.png
/picture/data/image/763.jpg,/picture/data/label/763.png
/picture/data/image/105.jpg,/picture/data/label/105.png
/picture/data/image/660.jpg,/picture/data/label/660.png
/picture/data/image/1103.jpg,/picture/data/label/1103.png
/picture/data/image/859.jpg,/picture/data/label/859.png
/picture/data/image/861.jpg,/picture/data/label/861.png
/picture/data/image/79.jpg,/picture/data/label/79.png
/picture/data/image/842.jpg,/picture/data/label/842.png
/picture/data/image/13.jpg,/picture/data/label/13.png
/picture/data/image/379.jpg,/picture/data/label/379.png
/picture/data/image/827.jpg,/picture/data/label/827.png
/picture/data/image/218.jpg,/picture/data/label/218.png
/picture/data/image/672.jpg,/picture/data/label/672.png
/picture/data/image/138.jpg,/picture/data/label/138.png
/picture/data/image/1114.jpg,/picture/data/label/1114.png
/picture/data/image/1361.jpg,/picture/data/label/1361.png
/picture/data/image/1130.jpg,/picture/data/label/1130.png
/picture/data/image/78.jpg,/picture/data/label/78.png
/picture/data/image/1298.jpg,/picture/data/label/1298.png
/picture/data/image/21.jpg,/picture/data/label/21.png
/picture/data/image/1454.jpg,/picture/data/label/1454.png
/picture/data/image/963.jpg,/picture/data/label/963.png
/picture/data/image/1511.jpg,/picture/data/label/1511.png
/picture/data/image/295.jpg,/picture/data/label/295.png
/picture/data/image/783.jpg,/picture/data/label/783.png
/picture/data/image/743.jpg,/picture/data/label/743.png
/picture/data/image/328.jpg,/picture/data/label/328.png
/picture/data/image/985.jpg,/picture/data/label/985.png
/picture/data/image/1221.jpg,/picture/data/label/1221.png
/picture/data/image/1290.jpg,/picture/data/label/1290.png
/picture/data/image/1045.jpg,/picture/data/label/1045.png
/picture/data/image/1570.jpg,/picture/data/label/1570.png
/picture/data/image/694.jpg,/picture/data/label/694.png
/picture/data/image/1560.jpg,/picture/data/label/1560.png
/picture/data/image/271.jpg,/picture/data/label/271.png
/picture/data/image/1059.jpg,/picture/data/label/1059.png
/picture/data/image/1412.jpg,/picture/data/label/1412.png
/picture/data/image/0.jpg,/picture/data/label/0.png
/picture/data/image/697.jpg,/picture/data/label/697.png
/picture/data/image/994.jpg,/picture/data/label/994.png
/picture/data/image/1474.jpg,/picture/data/label/1474.png
/picture/data/image/780.jpg,/picture/data/label/780.png
/picture/data/image/692.jpg,/picture/data/label/692.png
/picture/data/image/335.jpg,/picture/data/label/335.png
/picture/data/image/1527.jpg,/picture/data/label/1527.png
/picture/data/image/1035.jpg,/picture/data/label/1035.png
/picture/data/image/497.jpg,/picture/data/label/497.png
/picture/data/image/174.jpg,/picture/data/label/174.png
/picture/data/image/787.jpg,/picture/data/label/787.png
/picture/data/image/369.jpg,/picture/data/label/369.png
/picture/data/image/603.jpg,/picture/data/label/603.png
/picture/data/image/18.jpg,/picture/data/label/18.png
/picture/data/image/1599.jpg,/picture/data/label/1599.png
/picture/data/image/1166.jpg,/picture/data/label/1166.png
/picture/data/image/103.jpg,/picture/data/label/103.png
/picture/data/image/142.jpg,/picture/data/label/142.png
/picture/data/image/102.jpg,/picture/data/label/102.png
/picture/data/image/983.jpg,/picture/data/label/983.png
/picture/data/image/722.jpg,/picture/data/label/722.png
/picture/data/image/924.jpg,/picture/data/label/924.png
/picture/data/image/1574.jpg,/picture/data/label/1574.png
/picture/data/image/178.jpg,/picture/data/label/178.png
/picture/data/image/1073.jpg,/picture/data/label/1073.png
/picture/data/image/1231.jpg,/picture/data/label/1231.png
/picture/data/image/987.jpg,/picture/data/label/987.png
/picture/data/image/638.jpg,/picture/data/label/638.png
/picture/data/image/1279.jpg,/picture/data/label/1279.png
/picture/data/image/499.jpg,/picture/data/label/499.png
/picture/data/image/6.jpg,/picture/data/label/6.png
/picture/data/image/1270.jpg,/picture/data/label/1270.png
/picture/data/image/398.jpg,/picture/data/label/398.png
/picture/data/image/61.jpg,/picture/data/label/61.png
/picture/data/image/1034.jpg,/picture/data/label/1034.png
/picture/data/image/1397.jpg,/picture/data/label/1397.png
/picture/data/image/522.jpg,/picture/data/label/522.png
/picture/data/image/1095.jpg,/picture/data/label/1095.png
/picture/data/image/236.jpg,/picture/data/label/236.png
/picture/data/image/359.jpg,/picture/data/label/359.png
/picture/data/image/1500.jpg,/picture/data/label/1500.png
/picture/data/image/1269.jpg,/picture/data/label/1269.png
/picture/data/image/525.jpg,/picture/data/label/525.png
/picture/data/image/1011.jpg,/picture/data/label/1011.png
/picture/data/image/600.jpg,/picture/data/label/600.png
/picture/data/image/742.jpg,/picture/data/label/742.png
/picture/data/image/830.jpg,/picture/data/label/830.png
/picture/data/image/339.jpg,/picture/data/label/339.png
/picture/data/image/368.jpg,/picture/data/label/368.png
/picture/data/image/986.jpg,/picture/data/label/986.png
/picture/data/image/1588.jpg,/picture/data/label/1588.png
/picture/data/image/521.jpg,/picture/data/label/521.png
/picture/data/image/1382.jpg,/picture/data/label/1382.png
/picture/data/image/199.jpg,/picture/data/label/199.png
/picture/data/image/1206.jpg,/picture/data/label/1206.png
/picture/data/image/391.jpg,/picture/data/label/391.png
/picture/data/image/816.jpg,/picture/data/label/816.png
/picture/data/image/633.jpg,/picture/data/label/633.png
/picture/data/image/1331.jpg,/picture/data/label/1331.png
/picture/data/image/1203.jpg,/picture/data/label/1203.png
/picture/data/image/1050.jpg,/picture/data/label/1050.png
/picture/data/image/1038.jpg,/picture/data/label/1038.png
/picture/data/image/788.jpg,/picture/data/label/788.png
/picture/data/image/1137.jpg,/picture/data/label/1137.png
/picture/data/image/476.jpg,/picture/data/label/476.png
/picture/data/image/336.jpg,/picture/data/label/336.png
/picture/data/image/1289.jpg,/picture/data/label/1289.png
/picture/data/image/1192.jpg,/picture/data/label/1192.png
/picture/data/image/1440.jpg,/picture/data/label/1440.png
/picture/data/image/350.jpg,/picture/data/label/350.png
/picture/data/image/1596.jpg,/picture/data/label/1596.png
/picture/data/image/85.jpg,/picture/data/label/85.png
/picture/data/image/1305.jpg,/picture/data/label/1305.png
/picture/data/image/532.jpg,/picture/data/label/532.png
/picture/data/image/1434.jpg,/picture/data/label/1434.png
/picture/data/image/995.jpg,/picture/data/label/995.png
/picture/data/image/511.jpg,/picture/data/label/511.png
/picture/data/image/448.jpg,/picture/data/label/448.png
/picture/data/image/137.jpg,/picture/data/label/137.png
/picture/data/image/1491.jpg,/picture/data/label/1491.png
/picture/data/image/1326.jpg,/picture/data/label/1326.png
/picture/data/image/1371.jpg,/picture/data/label/1371.png
/picture/data/image/1276.jpg,/picture/data/label/1276.png
/picture/data/image/240.jpg,/picture/data/label/240.png
/picture/data/image/375.jpg,/picture/data/label/375.png
/picture/data/image/1251.jpg,/picture/data/label/1251.png
/picture/data/image/1053.jpg,/picture/data/label/1053.png
/picture/data/image/821.jpg,/picture/data/label/821.png
/picture/data/image/786.jpg,/picture/data/label/786.png
/picture/data/image/229.jpg,/picture/data/label/229.png
/picture/data/image/1520.jpg,/picture/data/label/1520.png
/picture/data/image/955.jpg,/picture/data/label/955.png
/picture/data/image/11.jpg,/picture/data/label/11.png
/picture/data/image/1380.jpg,/picture/data/label/1380.png
/picture/data/image/576.jpg,/picture/data/label/576.png
/picture/data/image/330.jpg,/picture/data/label/330.png
/picture/data/image/272.jpg,/picture/data/label/272.png
/picture/data/image/793.jpg,/picture/data/label/793.png
/picture/data/image/833.jpg,/picture/data/label/833.png
/picture/data/image/377.jpg,/picture/data/label/377.png
/picture/data/image/288.jpg,/picture/data/label/288.png
/picture/data/image/285.jpg,/picture/data/label/285.png
/picture/data/image/1535.jpg,/picture/data/label/1535.png
/picture/data/image/720.jpg,/picture/data/label/720.png
/picture/data/image/517.jpg,/picture/data/label/517.png
/picture/data/image/1366.jpg,/picture/data/label/1366.png
/picture/data/image/824.jpg,/picture/data/label/824.png
/picture/data/image/1179.jpg,/picture/data/label/1179.png
/picture/data/image/657.jpg,/picture/data/label/657.png
/picture/data/image/654.jpg,/picture/data/label/654.png
/picture/data/image/128.jpg,/picture/data/label/128.png
/picture/data/image/1556.jpg,/picture/data/label/1556.png
/picture/data/image/865.jpg,/picture/data/label/865.png
/picture/data/image/897.jpg,/picture/data/label/897.png
/picture/data/image/562.jpg,/picture/data/label/562.png
/picture/data/image/541.jpg,/picture/data/label/541.png
/picture/data/image/358.jpg,/picture/data/label/358.png
/picture/data/image/1489.jpg,/picture/data/label/1489.png
/picture/data/image/748.jpg,/picture/data/label/748.png
/picture/data/image/1238.jpg,/picture/data/label/1238.png
/picture/data/image/1396.jpg,/picture/data/label/1396.png
/picture/data/image/194.jpg,/picture/data/label/194.png
/picture/data/image/959.jpg,/picture/data/label/959.png
/picture/data/image/685.jpg,/picture/data/label/685.png
/picture/data/image/87.jpg,/picture/data/label/87.png
/picture/data/image/235.jpg,/picture/data/label/235.png
/picture/data/image/180.jpg,/picture/data/label/180.png
/picture/data/image/564.jpg,/picture/data/label/564.png
/picture/data/image/401.jpg,/picture/data/label/401.png
/picture/data/image/832.jpg,/picture/data/label/832.png
/picture/data/image/1449.jpg,/picture/data/label/1449.png
/picture/data/image/759.jpg,/picture/data/label/759.png
/picture/data/image/1379.jpg,/picture/data/label/1379.png
/picture/data/image/471.jpg,/picture/data/label/471.png
/picture/data/image/57.jpg,/picture/data/label/57.png
/picture/data/image/1313.jpg,/picture/data/label/1313.png
/picture/data/image/1031.jpg,/picture/data/label/1031.png
/picture/data/image/1015.jpg,/picture/data/label/1015.png
/picture/data/image/546.jpg,/picture/data/label/546.png
/picture/data/image/705.jpg,/picture/data/label/705.png
/picture/data/image/904.jpg,/picture/data/label/904.png
/picture/data/image/1013.jpg,/picture/data/label/1013.png
/picture/data/image/1403.jpg,/picture/data/label/1403.png
/picture/data/image/553.jpg,/picture/data/label/553.png
/picture/data/image/1093.jpg,/picture/data/label/1093.png
/picture/data/image/1293.jpg,/picture/data/label/1293.png
/picture/data/image/1426.jpg,/picture/data/label/1426.png
/picture/data/image/81.jpg,/picture/data/label/81.png
/picture/data/image/1352.jpg,/picture/data/label/1352.png
/picture/data/image/71.jpg,/picture/data/label/71.png
/picture/data/image/619.jpg,/picture/data/label/619.png
/picture/data/image/826.jpg,/picture/data/label/826.png
/picture/data/image/346.jpg,/picture/data/label/346.png
/picture/data/image/74.jpg,/picture/data/label/74.png
/picture/data/image/1061.jpg,/picture/data/label/1061.png
/picture/data/image/919.jpg,/picture/data/label/919.png
/picture/data/image/475.jpg,/picture/data/label/475.png
/picture/data/image/1450.jpg,/picture/data/label/1450.png
/picture/data/image/308.jpg,/picture/data/label/308.png
/picture/data/image/175.jpg,/picture/data/label/175.png
/picture/data/image/176.jpg,/picture/data/label/176.png
/picture/data/image/152.jpg,/picture/data/label/152.png
/picture/data/image/157.jpg,/picture/data/label/157.png
/picture/data/image/1566.jpg,/picture/data/label/1566.png
/picture/data/image/1565.jpg,/picture/data/label/1565.png
/picture/data/image/1164.jpg,/picture/data/label/1164.png
/picture/data/image/1384.jpg,/picture/data/label/1384.png
/picture/data/image/838.jpg,/picture/data/label/838.png
/picture/data/image/817.jpg,/picture/data/label/817.png
/picture/data/image/298.jpg,/picture/data/label/298.png
/picture/data/image/112.jpg,/picture/data/label/112.png
/picture/data/image/927.jpg,/picture/data/label/927.png
/picture/data/image/972.jpg,/picture/data/label/972.png
/picture/data/image/1199.jpg,/picture/data/label/1199.png
/picture/data/image/1583.jpg,/picture/data/label/1583.png
/picture/data/image/24.jpg,/picture/data/label/24.png
/picture/data/image/728.jpg,/picture/data/label/728.png
/picture/data/image/1430.jpg,/picture/data/label/1430.png
/picture/data/image/589.jpg,/picture/data/label/589.png
/picture/data/image/691.jpg,/picture/data/label/691.png
/picture/data/image/1482.jpg,/picture/data/label/1482.png
/picture/data/image/1285.jpg,/picture/data/label/1285.png
/picture/data/image/736.jpg,/picture/data/label/736.png
/picture/data/image/571.jpg,/picture/data/label/571.png
/picture/data/image/1032.jpg,/picture/data/label/1032.png
/picture/data/image/642.jpg,/picture/data/label/642.png
/picture/data/image/1383.jpg,/picture/data/label/1383.png
/picture/data/image/798.jpg,/picture/data/label/798.png
/picture/data/image/1590.jpg,/picture/data/label/1590.png
/picture/data/image/445.jpg,/picture/data/label/445.png
/picture/data/image/439.jpg,/picture/data/label/439.png
/picture/data/image/799.jpg,/picture/data/label/799.png
/picture/data/image/1021.jpg,/picture/data/label/1021.png
/picture/data/image/1420.jpg,/picture/data/label/1420.png
/picture/data/image/1567.jpg,/picture/data/label/1567.png
/picture/data/image/1195.jpg,/picture/data/label/1195.png
/picture/data/image/1524.jpg,/picture/data/label/1524.png
/picture/data/image/506.jpg,/picture/data/label/506.png
/picture/data/image/1592.jpg,/picture/data/label/1592.png
/picture/data/image/538.jpg,/picture/data/label/538.png
/picture/data/image/29.jpg,/picture/data/label/29.png
/picture/data/image/1122.jpg,/picture/data/label/1122.png
/picture/data/image/329.jpg,/picture/data/label/329.png
/picture/data/image/690.jpg,/picture/data/label/690.png
/picture/data/image/424.jpg,/picture/data/label/424.png
/picture/data/image/1516.jpg,/picture/data/label/1516.png
/picture/data/image/70.jpg,/picture/data/label/70.png
/picture/data/image/287.jpg,/picture/data/label/287.png
/picture/data/image/1160.jpg,/picture/data/label/1160.png
/picture/data/image/1358.jpg,/picture/data/label/1358.png
/picture/data/image/1070.jpg,/picture/data/label/1070.png
/picture/data/image/51.jpg,/picture/data/label/51.png
/picture/data/image/436.jpg,/picture/data/label/436.png
/picture/data/image/790.jpg,/picture/data/label/790.png
/picture/data/image/716.jpg,/picture/data/label/716.png
/picture/data/image/1040.jpg,/picture/data/label/1040.png
/picture/data/image/403.jpg,/picture/data/label/403.png
/picture/data/image/1125.jpg,/picture/data/label/1125.png
/picture/data/image/1304.jpg,/picture/data/label/1304.png
/picture/data/image/908.jpg,/picture/data/label/908.png
/picture/data/image/1373.jpg,/picture/data/label/1373.png
/picture/data/image/1347.jpg,/picture/data/label/1347.png
/picture/data/image/1245.jpg,/picture/data/label/1245.png
/picture/data/image/426.jpg,/picture/data/label/426.png
/picture/data/image/1017.jpg,/picture/data/label/1017.png
/picture/data/image/347.jpg,/picture/data/label/347.png
/picture/data/image/1438.jpg,/picture/data/label/1438.png
/picture/data/image/90.jpg,/picture/data/label/90.png
/picture/data/image/1339.jpg,/picture/data/label/1339.png
/picture/data/image/1360.jpg,/picture/data/label/1360.png
/picture/data/image/1427.jpg,/picture/data/label/1427.png
/picture/data/image/261.jpg,/picture/data/label/261.png
/picture/data/image/487.jpg,/picture/data/label/487.png
/picture/data/image/252.jpg,/picture/data/label/252.png
/picture/data/image/304.jpg,/picture/data/label/304.png
/picture/data/image/253.jpg,/picture/data/label/253.png
/picture/data/image/17.jpg,/picture/data/label/17.png
/picture/data/image/318.jpg,/picture/data/label/318.png
/picture/data/image/717.jpg,/picture/data/label/717.png
/picture/data/image/1204.jpg,/picture/data/label/1204.png
/picture/data/image/1217.jpg,/picture/data/label/1217.png
/picture/data/image/618.jpg,/picture/data/label/618.png
/picture/data/image/115.jpg,/picture/data/label/115.png
/picture/data/image/283.jpg,/picture/data/label/283.png
/picture/data/image/1350.jpg,/picture/data/label/1350.png
/picture/data/image/382.jpg,/picture/data/label/382.png
/picture/data/image/729.jpg,/picture/data/label/729.png
/picture/data/image/340.jpg,/picture/data/label/340.png
/picture/data/image/392.jpg,/picture/data/label/392.png
/picture/data/image/1530.jpg,/picture/data/label/1530.png
/picture/data/image/477.jpg,/picture/data/label/477.png
/picture/data/image/1377.jpg,/picture/data/label/1377.png
/picture/data/image/1043.jpg,/picture/data/label/1043.png
/picture/data/image/1414.jpg,/picture/data/label/1414.png
/picture/data/image/857.jpg,/picture/data/label/857.png
/picture/data/image/1328.jpg,/picture/data/label/1328.png
/picture/data/image/250.jpg,/picture/data/label/250.png
/picture/data/image/1517.jpg,/picture/data/label/1517.png
/picture/data/image/1311.jpg,/picture/data/label/1311.png
/picture/data/image/505.jpg,/picture/data/label/505.png
/picture/data/image/1056.jpg,/picture/data/label/1056.png
/picture/data/image/1481.jpg,/picture/data/label/1481.png
/picture/data/image/1504.jpg,/picture/data/label/1504.png
/picture/data/image/858.jpg,/picture/data/label/858.png
/picture/data/image/557.jpg,/picture/data/label/557.png
/picture/data/image/364.jpg,/picture/data/label/364.png
/picture/data/image/1272.jpg,/picture/data/label/1272.png
/picture/data/image/200.jpg,/picture/data/label/200.png
/picture/data/image/28.jpg,/picture/data/label/28.png
/picture/data/image/160.jpg,/picture/data/label/160.png
/picture/data/image/452.jpg,/picture/data/label/452.png
/picture/data/image/1121.jpg,/picture/data/label/1121.png
/picture/data/image/1445.jpg,/picture/data/label/1445.png
/picture/data/image/1341.jpg,/picture/data/label/1341.png
/picture/data/image/1142.jpg,/picture/data/label/1142.png
/picture/data/image/1079.jpg,/picture/data/label/1079.png
/picture/data/image/543.jpg,/picture/data/label/543.png
/picture/data/image/609.jpg,/picture/data/label/609.png
/picture/data/image/636.jpg,/picture/data/label/636.png
/picture/data/image/805.jpg,/picture/data/label/805.png
/picture/data/image/707.jpg,/picture/data/label/707.png
/picture/data/image/1020.jpg,/picture/data/label/1020.png
/picture/data/image/880.jpg,/picture/data/label/880.png
/picture/data/image/524.jpg,/picture/data/label/524.png
/picture/data/image/1172.jpg,/picture/data/label/1172.png
/picture/data/image/755.jpg,/picture/data/label/755.png
/picture/data/image/37.jpg,/picture/data/label/37.png
/picture/data/image/914.jpg,/picture/data/label/914.png
/picture/data/image/1100.jpg,/picture/data/label/1100.png
/picture/data/image/734.jpg,/picture/data/label/734.png
/picture/data/image/1185.jpg,/picture/data/label/1185.png
/picture/data/image/1249.jpg,/picture/data/label/1249.png
/picture/data/image/671.jpg,/picture/data/label/671.png
/picture/data/image/631.jpg,/picture/data/label/631.png
/picture/data/image/1149.jpg,/picture/data/label/1149.png
/picture/data/image/370.jpg,/picture/data/label/370.png
/picture/data/image/1110.jpg,/picture/data/label/1110.png
/picture/data/image/1515.jpg,/picture/data/label/1515.png
/picture/data/image/931.jpg,/picture/data/label/931.png
/picture/data/image/921.jpg,/picture/data/label/921.png
/picture/data/image/98.jpg,/picture/data/label/98.png
/picture/data/image/706.jpg,/picture/data/label/706.png
/picture/data/image/481.jpg,/picture/data/label/481.png
/picture/data/image/275.jpg,/picture/data/label/275.png
/picture/data/image/343.jpg,/picture/data/label/343.png
/picture/data/image/1244.jpg,/picture/data/label/1244.png
/picture/data/image/99.jpg,/picture/data/label/99.png
/picture/data/image/293.jpg,/picture/data/label/293.png
/picture/data/image/1218.jpg,/picture/data/label/1218.png
/picture/data/image/1591.jpg,/picture/data/label/1591.png
/picture/data/image/1232.jpg,/picture/data/label/1232.png
/picture/data/image/999.jpg,/picture/data/label/999.png
/picture/data/image/202.jpg,/picture/data/label/202.png
/picture/data/image/153.jpg,/picture/data/label/153.png
/picture/data/image/472.jpg,/picture/data/label/472.png
/picture/data/image/455.jpg,/picture/data/label/455.png
/picture/data/image/148.jpg,/picture/data/label/148.png
/picture/data/image/1424.jpg,/picture/data/label/1424.png
/picture/data/image/1501.jpg,/picture/data/label/1501.png
/picture/data/image/1171.jpg,/picture/data/label/1171.png
/picture/data/image/1246.jpg,/picture/data/label/1246.png
/picture/data/image/569.jpg,/picture/data/label/569.png
/picture/data/image/791.jpg,/picture/data/label/791.png
/picture/data/image/902.jpg,/picture/data/label/902.png
/picture/data/image/213.jpg,/picture/data/label/213.png
/picture/data/image/1307.jpg,/picture/data/label/1307.png
/picture/data/image/1346.jpg,/picture/data/label/1346.png
/picture/data/image/980.jpg,/picture/data/label/980.png
/picture/data/image/784.jpg,/picture/data/label/784.png
/picture/data/image/1542.jpg,/picture/data/label/1542.png
/picture/data/image/611.jpg,/picture/data/label/611.png
/picture/data/image/1435.jpg,/picture/data/label/1435.png
/picture/data/image/1241.jpg,/picture/data/label/1241.png
/picture/data/image/1154.jpg,/picture/data/label/1154.png
/picture/data/image/251.jpg,/picture/data/label/251.png
/picture/data/image/612.jpg,/picture/data/label/612.png
/picture/data/image/184.jpg,/picture/data/label/184.png
/picture/data/image/140.jpg,/picture/data/label/140.png
/picture/data/image/615.jpg,/picture/data/label/615.png
/picture/data/image/1068.jpg,/picture/data/label/1068.png
/picture/data/image/39.jpg,/picture/data/label/39.png
/picture/data/image/726.jpg,/picture/data/label/726.png
/picture/data/image/302.jpg,/picture/data/label/302.png
/picture/data/image/139.jpg,/picture/data/label/139.png
/picture/data/image/26.jpg,/picture/data/label/26.png
/picture/data/image/664.jpg,/picture/data/label/664.png
/picture/data/image/233.jpg,/picture/data/label/233.png
/picture/data/image/2.jpg,/picture/data/label/2.png
/picture/data/image/764.jpg,/picture/data/label/764.png
/picture/data/image/1108.jpg,/picture/data/label/1108.png
/picture/data/image/1193.jpg,/picture/data/label/1193.png
/picture/data/image/846.jpg,/picture/data/label/846.png
/picture/data/image/940.jpg,/picture/data/label/940.png
/picture/data/image/226.jpg,/picture/data/label/226.png
/picture/data/image/938.jpg,/picture/data/label/938.png
/picture/data/image/744.jpg,/picture/data/label/744.png
/picture/data/image/848.jpg,/picture/data/label/848.png
/picture/data/image/1316.jpg,/picture/data/label/1316.png
/picture/data/image/1169.jpg,/picture/data/label/1169.png
/picture/data/image/1419.jpg,/picture/data/label/1419.png
/picture/data/image/274.jpg,/picture/data/label/274.png
/picture/data/image/1205.jpg,/picture/data/label/1205.png
/picture/data/image/1028.jpg,/picture/data/label/1028.png
/picture/data/image/678.jpg,/picture/data/label/678.png
/picture/data/image/520.jpg,/picture/data/label/520.png
/picture/data/image/740.jpg,/picture/data/label/740.png
/picture/data/image/96.jpg,/picture/data/label/96.png
/picture/data/image/1484.jpg,/picture/data/label/1484.png
/picture/data/image/1446.jpg,/picture/data/label/1446.png
/picture/data/image/1442.jpg,/picture/data/label/1442.png
/picture/data/image/512.jpg,/picture/data/label/512.png
/picture/data/image/698.jpg,/picture/data/label/698.png
/picture/data/image/1549.jpg,/picture/data/label/1549.png
/picture/data/image/1301.jpg,/picture/data/label/1301.png
/picture/data/image/853.jpg,/picture/data/label/853.png
/picture/data/image/667.jpg,/picture/data/label/667.png
/picture/data/image/1356.jpg,/picture/data/label/1356.png
/picture/data/image/1488.jpg,/picture/data/label/1488.png
/picture/data/image/779.jpg,/picture/data/label/779.png
/picture/data/image/949.jpg,/picture/data/label/949.png
/picture/data/image/123.jpg,/picture/data/label/123.png
/picture/data/image/397.jpg,/picture/data/label/397.png
/picture/data/image/768.jpg,/picture/data/label/768.png
/picture/data/image/953.jpg,/picture/data/label/953.png
/picture/data/image/708.jpg,/picture/data/label/708.png
/picture/data/image/1196.jpg,/picture/data/label/1196.png
/picture/data/image/1452.jpg,/picture/data/label/1452.png
/picture/data/image/1364.jpg,/picture/data/label/1364.png
/picture/data/image/680.jpg,/picture/data/label/680.png
/picture/data/image/317.jpg,/picture/data/label/317.png
/picture/data/image/566.jpg,/picture/data/label/566.png
/picture/data/image/978.jpg,/picture/data/label/978.png
/picture/data/image/145.jpg,/picture/data/label/145.png
/picture/data/image/754.jpg,/picture/data/label/754.png
/picture/data/image/1587.jpg,/picture/data/label/1587.png
/picture/data/image/419.jpg,/picture/data/label/419.png
/picture/data/image/231.jpg,/picture/data/label/231.png
/picture/data/image/212.jpg,/picture/data/label/212.png
/picture/data/image/185.jpg,/picture/data/label/185.png
/picture/data/image/150.jpg,/picture/data/label/150.png
/picture/data/image/772.jpg,/picture/data/label/772.png
/picture/data/image/480.jpg,/picture/data/label/480.png
/picture/data/image/372.jpg,/picture/data/label/372.png
/picture/data/image/559.jpg,/picture/data/label/559.png
/picture/data/image/926.jpg,/picture/data/label/926.png
/picture/data/image/1007.jpg,/picture/data/label/1007.png
/picture/data/image/604.jpg,/picture/data/label/604.png
/picture/data/image/121.jpg,/picture/data/label/121.png
/picture/data/image/1144.jpg,/picture/data/label/1144.png
/picture/data/image/1589.jpg,/picture/data/label/1589.png
/picture/data/image/1225.jpg,/picture/data/label/1225.png
/picture/data/image/1343.jpg,/picture/data/label/1343.png
/picture/data/image/1483.jpg,/picture/data/label/1483.png
/picture/data/image/770.jpg,/picture/data/label/770.png
/picture/data/image/1332.jpg,/picture/data/label/1332.png
/picture/data/image/1252.jpg,/picture/data/label/1252.png
/picture/data/image/136.jpg,/picture/data/label/136.png
/picture/data/image/134.jpg,/picture/data/label/134.png
/picture/data/image/632.jpg,/picture/data/label/632.png
/picture/data/image/126.jpg,/picture/data/label/126.png
/picture/data/image/1487.jpg,/picture/data/label/1487.png
/picture/data/image/696.jpg,/picture/data/label/696.png
/picture/data/image/1107.jpg,/picture/data/label/1107.png
/picture/data/image/1408.jpg,/picture/data/label/1408.png
/picture/data/image/326.jpg,/picture/data/label/326.png
/picture/data/image/627.jpg,/picture/data/label/627.png
/picture/data/image/1499.jpg,/picture/data/label/1499.png
/picture/data/image/321.jpg,/picture/data/label/321.png
/picture/data/image/1064.jpg,/picture/data/label/1064.png
/picture/data/image/1464.jpg,/picture/data/label/1464.png
/picture/data/image/1198.jpg,/picture/data/label/1198.png
/picture/data/image/997.jpg,/picture/data/label/997.png
/picture/data/image/1562.jpg,/picture/data/label/1562.png
/picture/data/image/803.jpg,/picture/data/label/803.png
/picture/data/image/1219.jpg,/picture/data/label/1219.png
/picture/data/image/502.jpg,/picture/data/label/502.png
/picture/data/image/73.jpg,/picture/data/label/73.png
/picture/data/image/992.jpg,/picture/data/label/992.png
/picture/data/image/49.jpg,/picture/data/label/49.png
/picture/data/image/1088.jpg,/picture/data/label/1088.png
/picture/data/image/1508.jpg,/picture/data/label/1508.png
/picture/data/image/1337.jpg,/picture/data/label/1337.png
/picture/data/image/46.jpg,/picture/data/label/46.png
/picture/data/image/342.jpg,/picture/data/label/342.png
/picture/data/image/196.jpg,/picture/data/label/196.png